,word,likes,retweets,comments,n,avg_likes,avg_retweets,avg_comments,trafic,party
1,København,229,38,52,3,76,13,17,267,Socialistisk Folkeparti
2,fantastisk,71,16,17,2,36,8,8,87,Socialistisk Folkeparti
3,hovedstad,108,24,34,3,36,8,11,132,Socialistisk Folkeparti
4,problem,479,106,144,12,40,9,12,585,Socialistisk Folkeparti
5,Mange,512,72,87,5,102,14,17,584,Socialistisk Folkeparti
6,råd,57,11,16,2,28,6,8,68,Socialistisk Folkeparti
7,allesammens,30,6,13,1,30,6,13,36,Socialistisk Folkeparti
8,regering,3909,938,795,62,63,15,13,4847,Socialistisk Folkeparti
9,mulig,260,40,88,6,43,7,15,300,Socialistisk Folkeparti
10,almen,99,19,24,2,50,10,12,118,Socialistisk Folkeparti
11,Tak,2058,316,280,25,82,13,11,2374,Socialistisk Folkeparti
12,parti,1075,178,260,12,90,15,22,1253,Socialistisk Folkeparti
13,brede,225,39,84,4,56,10,21,264,Socialistisk Folkeparti
14,landbrugsaftale,19,3,0,1,19,3,0,22,Socialistisk Folkeparti
15,ambitiøs,550,116,87,10,55,12,9,666,Socialistisk Folkeparti
16,binde,105,22,18,2,52,11,9,127,Socialistisk Folkeparti
17,mål,1291,163,204,12,108,14,17,1454,Socialistisk Folkeparti
18,landbrug,106,21,25,5,21,4,5,127,Socialistisk Folkeparti
19,dkgreen,3287,656,698,63,52,10,11,3943,Socialistisk Folkeparti
20,dansk,2901,580,843,45,64,13,19,3481,Socialistisk Folkeparti
21,fagbevægelse,50,6,24,2,25,3,12,56,Socialistisk Folkeparti
22,stærk,319,59,88,6,53,10,15,378,Socialistisk Folkeparti
23,ansvar,427,50,185,4,107,12,46,477,Socialistisk Folkeparti
24,position,24,3,9,1,24,3,9,27,Socialistisk Folkeparti
25,fradrag,24,3,9,1,24,3,9,27,Socialistisk Folkeparti
26,fagforeningskontingent,24,3,9,1,24,3,9,27,Socialistisk Folkeparti
27,svar,144,28,44,3,48,9,15,172,Socialistisk Folkeparti
28,kritik,142,16,142,3,47,5,47,158,Socialistisk Folkeparti
29,arbejde,791,147,168,14,56,10,12,938,Socialistisk Folkeparti
30,særlig,280,41,97,4,70,10,24,321,Socialistisk Folkeparti
31,madspildsområdet,4,1,4,1,4,1,4,5,Socialistisk Folkeparti
32,verden,500,98,114,11,45,9,10,598,Socialistisk Folkeparti
33,afkald,4,1,4,1,4,1,4,5,Socialistisk Folkeparti
34,Anja,4,1,4,1,4,1,4,5,Socialistisk Folkeparti
35,Philip,4,1,4,1,4,1,4,5,Socialistisk Folkeparti
36,anledning,4,1,4,1,4,1,4,5,Socialistisk Folkeparti
37,National,4,1,4,1,4,1,4,5,Socialistisk Folkeparti
38,Madspildsdag,4,1,4,1,4,1,4,5,Socialistisk Folkeparti
39,stopmadspild,4,1,4,1,4,1,4,5,Socialistisk Folkeparti
40,Køreplanen,35,7,15,1,35,7,15,42,Socialistisk Folkeparti
41,nem,334,66,90,5,67,13,18,400,Socialistisk Folkeparti
42,klimamål,163,37,31,3,54,12,10,200,Socialistisk Folkeparti
43,Når,10,1,1,1,10,1,1,11,Socialistisk Folkeparti
44,erhvervsredaktør,10,1,1,1,10,1,1,11,Socialistisk Folkeparti
45,coronakrisen,213,37,58,4,53,9,14,250,Socialistisk Folkeparti
46,hård,381,68,182,5,76,14,36,449,Socialistisk Folkeparti
47,erhvervsliv,124,23,33,4,31,6,8,147,Socialistisk Folkeparti
48,Herzlichen,85,8,8,1,85,8,8,93,Socialistisk Folkeparti
49,Glückwünsch,85,8,8,1,85,8,8,93,Socialistisk Folkeparti
50,Stort,1116,83,127,9,124,9,14,1199,Socialistisk Folkeparti
51,tillykke,1116,83,127,9,124,9,14,1199,Socialistisk Folkeparti
52,flotte,366,53,46,4,92,13,12,419,Socialistisk Folkeparti
53,valg,1680,330,372,21,80,16,18,2010,Socialistisk Folkeparti
54,tysk,85,8,8,1,85,8,8,93,Socialistisk Folkeparti
55,søsterparti,85,8,8,1,85,8,8,93,Socialistisk Folkeparti
56,SPD,85,8,8,1,85,8,8,93,Socialistisk Folkeparti
57,Socialdemokratiet,1318,217,355,17,78,13,21,1535,Socialistisk Folkeparti
58,Danmark,11981,2175,2529,174,69,12,15,14156,Socialistisk Folkeparti
59,Sverige,85,8,8,1,85,8,8,93,Socialistisk Folkeparti
60,Norge,85,8,8,1,85,8,8,93,Socialistisk Folkeparti
61,Finland,85,8,8,1,85,8,8,93,Socialistisk Folkeparti
62,Tyskland,85,8,8,1,85,8,8,93,Socialistisk Folkeparti
63,høj,169,39,40,5,34,8,8,208,Socialistisk Folkeparti
64,grad,174,32,21,3,58,11,7,206,Socialistisk Folkeparti
65,samfund,1002,188,258,13,77,14,20,1190,Socialistisk Folkeparti
66,behov,446,92,117,6,74,15,20,538,Socialistisk Folkeparti
67,udenlandsk,211,27,32,2,106,14,16,238,Socialistisk Folkeparti
68,studere,16,2,3,1,16,2,3,18,Socialistisk Folkeparti
69,måde,283,43,147,5,57,9,29,326,Socialistisk Folkeparti
70,arbejdsløshed,61,9,44,2,30,4,22,70,Socialistisk Folkeparti
71,uddpol,451,62,79,5,90,12,16,513,Socialistisk Folkeparti
72,global,46,9,5,2,23,4,2,55,Socialistisk Folkeparti
73,finansieringsstrømme,8,2,3,1,8,2,3,10,Socialistisk Folkeparti
74,sort,118,39,28,4,30,10,7,157,Socialistisk Folkeparti
75,grøn,4074,820,757,70,58,12,11,4894,Socialistisk Folkeparti
76,Musikken,8,2,3,1,8,2,3,10,Socialistisk Folkeparti
77,finansiel,8,2,3,1,8,2,3,10,Socialistisk Folkeparti
78,sektor,155,24,29,3,52,8,10,179,Socialistisk Folkeparti
79,penge,860,146,224,14,61,10,16,1006,Socialistisk Folkeparti
80,leder,8,2,3,1,8,2,3,10,Socialistisk Folkeparti
81,finansverden,8,2,3,1,8,2,3,10,Socialistisk Folkeparti
82,yde,99,10,11,1,99,10,11,109,Socialistisk Folkeparti
83,indsats,902,129,116,10,90,13,12,1031,Socialistisk Folkeparti
84,Regeringen,1377,332,293,23,60,14,13,1709,Socialistisk Folkeparti
85,fremtid,1157,200,241,22,53,9,11,1357,Socialistisk Folkeparti
86,brug,4037,797,705,54,75,15,13,4834,Socialistisk Folkeparti
87,holdbar,9,3,2,1,9,3,2,12,Socialistisk Folkeparti
88,politisk,1071,199,240,14,76,14,17,1270,Socialistisk Folkeparti
89,løsning,685,100,222,9,76,11,25,785,Socialistisk Folkeparti
90,dkklima,9,3,2,1,9,3,2,12,Socialistisk Folkeparti
91,økonomi,322,73,159,6,54,12,26,395,Socialistisk Folkeparti
92,corona-krisen,22,3,12,1,22,3,12,25,Socialistisk Folkeparti
93,fod,324,40,76,4,81,10,19,364,Socialistisk Folkeparti
94,speeder,22,3,12,1,22,3,12,25,Socialistisk Folkeparti
95,stabil,22,3,12,1,22,3,12,25,Socialistisk Folkeparti
96,varig,22,3,12,1,22,3,12,25,Socialistisk Folkeparti
97,opsving,100,14,36,3,33,5,12,114,Socialistisk Folkeparti
98,program,5,2,3,1,5,2,3,7,Socialistisk Folkeparti
99,torsdag,21,9,14,1,21,9,14,30,Socialistisk Folkeparti
100,invitere,21,9,14,1,21,9,14,30,Socialistisk Folkeparti
101,konference,21,9,14,1,21,9,14,30,Socialistisk Folkeparti
102,bæredygtighed,42,18,28,2,21,9,14,60,Socialistisk Folkeparti
103,byggefag,21,9,14,1,21,9,14,30,Socialistisk Folkeparti
104,ledig,21,9,14,1,21,9,14,30,Socialistisk Folkeparti
105,plads,233,44,150,4,58,11,38,277,Socialistisk Folkeparti
106,Konferencen,21,9,14,1,21,9,14,30,Socialistisk Folkeparti
107,lag,21,9,14,1,21,9,14,30,Socialistisk Folkeparti
108,undervisning,21,9,14,1,21,9,14,30,Socialistisk Folkeparti
109,ministerpost,96,5,21,1,96,5,21,101,Socialistisk Folkeparti
110,.@BjBrandenborg,20,3,21,1,20,3,21,23,Socialistisk Folkeparti
111,ærgerlig,20,3,21,1,20,3,21,23,Socialistisk Folkeparti
112,læse,20,3,21,1,20,3,21,23,Socialistisk Folkeparti
113,sen,137,26,52,2,68,13,26,163,Socialistisk Folkeparti
114,kronik,143,36,83,4,36,9,21,179,Socialistisk Folkeparti
115,angribe,184,37,37,2,92,18,18,221,Socialistisk Folkeparti
116,lgtb-personers,20,3,21,1,20,3,21,23,Socialistisk Folkeparti
117,rettighed,259,66,106,4,65,16,26,325,Socialistisk Folkeparti
118,mulighed,847,158,298,15,56,11,20,1005,Socialistisk Folkeparti
119,lgbt-personer,20,3,21,1,20,3,21,23,Socialistisk Folkeparti
120,fjende,20,3,21,1,20,3,21,23,Socialistisk Folkeparti
121,velfærd,3024,642,765,46,66,14,17,3666,Socialistisk Folkeparti
122,borgerlig,200,20,97,2,100,10,48,220,Socialistisk Folkeparti
123,barn,2441,462,875,31,79,15,28,2903,Socialistisk Folkeparti
124,ældre,254,58,78,6,42,10,13,312,Socialistisk Folkeparti
125,aftale,990,175,310,19,52,9,16,1165,Socialistisk Folkeparti
126,EU's,9,1,2,1,9,1,2,10,Socialistisk Folkeparti
127,fælles,499,82,114,9,55,9,13,581,Socialistisk Folkeparti
128,landbrugspolitik,9,1,2,1,9,1,2,10,Socialistisk Folkeparti
129,landbrugsstøtte,9,1,2,1,9,1,2,10,Socialistisk Folkeparti
130,ryg,41,8,9,2,20,4,4,49,Socialistisk Folkeparti
131,teknologi,9,1,2,1,9,1,2,10,Socialistisk Folkeparti
132,front,9,1,2,1,9,1,2,10,Socialistisk Folkeparti
133,udfordring,564,80,138,8,70,10,17,644,Socialistisk Folkeparti
134,faglært,200,44,38,5,40,9,8,244,Socialistisk Folkeparti
135,opgave,493,58,282,7,70,8,40,551,Socialistisk Folkeparti
136,kompetence,25,5,4,1,25,5,4,30,Socialistisk Folkeparti
137,ufaglært,104,22,21,2,52,11,10,126,Socialistisk Folkeparti
138,job,143,20,49,4,36,5,12,163,Socialistisk Folkeparti
139,del,376,86,83,7,54,12,12,462,Socialistisk Folkeparti
140,handling,531,153,116,11,48,14,11,684,Socialistisk Folkeparti
141,lokale,117,18,30,3,39,6,10,135,Socialistisk Folkeparti
142,gymnasium,277,54,66,5,55,11,13,331,Socialistisk Folkeparti
143,forbedring,47,11,20,2,24,6,10,58,Socialistisk Folkeparti
144,unge,847,163,268,19,45,9,14,1010,Socialistisk Folkeparti
145,menneske,806,149,132,12,67,12,11,955,Socialistisk Folkeparti
146,danskstøttet,22,4,6,1,22,4,6,26,Socialistisk Folkeparti
147,lejr,22,4,6,1,22,4,6,26,Socialistisk Folkeparti
148,Rwanda,22,4,6,1,22,4,6,26,Socialistisk Folkeparti
149,værd,85,12,52,2,42,6,26,97,Socialistisk Folkeparti
150,asyl,87,23,27,2,44,12,14,110,Socialistisk Folkeparti
151,uddannelsesmuligheder,42,6,7,1,42,6,7,48,Socialistisk Folkeparti
152,kontor,42,6,7,1,42,6,7,48,Socialistisk Folkeparti
153,Svendborg,42,6,7,1,42,6,7,48,Socialistisk Folkeparti
154,uddannelse,1168,204,310,19,61,11,16,1372,Socialistisk Folkeparti
155,Demokratiet,70,8,27,1,70,8,27,78,Socialistisk Folkeparti
156,ramme,70,8,27,1,70,8,27,78,Socialistisk Folkeparti
157,techgiganterne,70,8,27,1,70,8,27,78,Socialistisk Folkeparti
158,omvende,70,8,27,1,70,8,27,78,Socialistisk Folkeparti
159,samtale,70,8,27,1,70,8,27,78,Socialistisk Folkeparti
160,tech-giganterne,70,8,27,1,70,8,27,78,Socialistisk Folkeparti
161,social,430,78,180,5,86,16,36,508,Socialistisk Folkeparti
162,medium,272,38,167,3,91,13,56,310,Socialistisk Folkeparti
163,elevtal,57,7,18,1,57,7,18,64,Socialistisk Folkeparti
164,glad,285,55,69,5,57,11,14,340,Socialistisk Folkeparti
165,elevfordeling,57,7,18,1,57,7,18,64,Socialistisk Folkeparti
166,Kasper,42,2,25,1,42,2,25,44,Socialistisk Folkeparti
167,hus,147,24,59,2,74,12,30,171,Socialistisk Folkeparti
168,Potentielle,42,2,25,1,42,2,25,44,Socialistisk Folkeparti
169,køber,42,2,25,1,42,2,25,44,Socialistisk Folkeparti
170,bank,189,40,65,3,63,13,22,229,Socialistisk Folkeparti
171,bolig,222,34,59,3,74,11,20,256,Socialistisk Folkeparti
172,yderområde,42,2,25,1,42,2,25,44,Socialistisk Folkeparti
173,boligdrømmen,91,7,34,2,46,4,17,98,Socialistisk Folkeparti
174,liv,621,66,116,7,89,9,17,687,Socialistisk Folkeparti
175,regnestykke,23,4,16,1,23,4,16,27,Socialistisk Folkeparti
176,værtskab,23,4,16,1,23,4,16,27,Socialistisk Folkeparti
177,demokratikontoen,23,4,16,1,23,4,16,27,Socialistisk Folkeparti
178,minus,23,4,16,1,23,4,16,27,Socialistisk Folkeparti
179,Jyllands-Posten,23,4,16,1,23,4,16,27,Socialistisk Folkeparti
180,Politik,349,54,115,4,87,14,29,403,Socialistisk Folkeparti
181,drøm,127,21,63,2,64,10,32,148,Socialistisk Folkeparti
182,vision,244,56,69,4,61,14,17,300,Socialistisk Folkeparti
183,håb,272,44,74,3,91,15,25,316,Socialistisk Folkeparti
184,unik,75,13,49,2,38,6,24,88,Socialistisk Folkeparti
185,krise,258,33,143,5,52,7,29,291,Socialistisk Folkeparti
186,Bedre,187,34,33,3,62,11,11,221,Socialistisk Folkeparti
187,blomstre,39,8,8,1,39,8,8,47,Socialistisk Folkeparti
188,Tyngdekraften,63,11,15,1,63,11,15,74,Socialistisk Folkeparti
189,naturlov,63,11,15,1,63,11,15,74,Socialistisk Folkeparti
190,centralisering,966,241,157,14,69,17,11,1207,Socialistisk Folkeparti
191,leve,63,11,15,1,63,11,15,74,Socialistisk Folkeparti
192,lokalsamfund,124,21,22,3,41,7,7,145,Socialistisk Folkeparti
193,Boligdrømmen,63,11,15,1,63,11,15,74,Socialistisk Folkeparti
194,Danskerne,107,18,22,2,54,9,11,125,Socialistisk Folkeparti
195,Uddannelse,92,24,28,2,46,12,14,116,Socialistisk Folkeparti
196,Uanset,112,22,24,2,56,11,12,134,Socialistisk Folkeparti
197,plan,619,138,95,12,52,12,8,757,Socialistisk Folkeparti
198,antal,46,12,14,1,46,12,14,58,Socialistisk Folkeparti
199,videregående,46,12,14,1,46,12,14,58,Socialistisk Folkeparti
200,Grønne,42,7,13,1,42,7,13,49,Socialistisk Folkeparti
201,storby,157,32,36,3,52,11,12,189,Socialistisk Folkeparti
202,udvikling,368,61,62,4,92,15,16,429,Socialistisk Folkeparti
203,Miljøzoner,42,7,13,1,42,7,13,49,Socialistisk Folkeparti
204,nul-emmisionszoner,42,7,13,1,42,7,13,49,Socialistisk Folkeparti
205,lokalplan,42,7,13,1,42,7,13,49,Socialistisk Folkeparti
206,biodiversitet,109,19,21,2,54,10,10,128,Socialistisk Folkeparti
207,teknisk,42,7,13,1,42,7,13,49,Socialistisk Folkeparti
208,kort,78,24,24,2,39,12,12,102,Socialistisk Folkeparti
209,misundelse,42,7,13,1,42,7,13,49,Socialistisk Folkeparti
210,svømmehal,58,8,13,1,58,8,13,66,Socialistisk Folkeparti
211,fodboldbane,58,8,13,1,58,8,13,66,Socialistisk Folkeparti
212,sportshal,58,8,13,1,58,8,13,66,Socialistisk Folkeparti
213,Frederiksberg,58,8,13,1,58,8,13,66,Socialistisk Folkeparti
214,politiker,545,76,73,6,91,13,12,621,Socialistisk Folkeparti
215,milliard,877,246,235,13,67,19,18,1123,Socialistisk Folkeparti
216,kommunal,58,8,13,1,58,8,13,66,Socialistisk Folkeparti
217,krone,581,110,129,10,58,11,13,691,Socialistisk Folkeparti
218,idrætsliv,58,8,13,1,58,8,13,66,Socialistisk Folkeparti
219,idrætsfacilitet,58,8,13,1,58,8,13,66,Socialistisk Folkeparti
220,postnummer,49,5,9,1,49,5,9,54,Socialistisk Folkeparti
221,virksomhed,285,42,124,6,48,7,21,327,Socialistisk Folkeparti
222,side,533,103,167,6,89,17,28,636,Socialistisk Folkeparti
223,retfærdig,1599,265,499,22,73,12,23,1864,Socialistisk Folkeparti
224,Hele,251,23,67,2,126,12,34,274,Socialistisk Folkeparti
225,formål,55,8,32,1,55,8,32,63,Socialistisk Folkeparti
226,human,55,8,32,1,55,8,32,63,Socialistisk Folkeparti
227,asylsystem,55,8,32,1,55,8,32,63,Socialistisk Folkeparti
228,stikke,55,8,32,1,55,8,32,63,Socialistisk Folkeparti
229,udsætte,621,92,211,7,89,13,30,713,Socialistisk Folkeparti
230,flertal,235,51,65,2,118,26,32,286,Socialistisk Folkeparti
231,sommerpakke,32,9,21,1,32,9,21,41,Socialistisk Folkeparti
232,hjælp,361,81,92,5,72,16,18,442,Socialistisk Folkeparti
233,turist,158,22,43,2,79,11,22,180,Socialistisk Folkeparti
234,Lysere,32,9,21,1,32,9,21,41,Socialistisk Folkeparti
235,Dansk,30,10,15,1,30,10,15,40,Socialistisk Folkeparti
236,takt,60,17,25,2,30,8,12,77,Socialistisk Folkeparti
237,genåbning,30,10,15,1,30,10,15,40,Socialistisk Folkeparti
238,branche,30,10,15,1,30,10,15,40,Socialistisk Folkeparti
239,kultur,30,10,15,1,30,10,15,40,Socialistisk Folkeparti
240,oplevelsesøkonomien,30,10,15,1,30,10,15,40,Socialistisk Folkeparti
241,Ekspansiv,37,5,9,1,37,5,9,42,Socialistisk Folkeparti
242,finanspolitik,37,5,9,1,37,5,9,42,Socialistisk Folkeparti
243,advarsel,33,9,14,1,33,9,14,42,Socialistisk Folkeparti
244,video,51,12,17,3,17,4,6,63,Socialistisk Folkeparti
245,kedelig,33,9,14,1,33,9,14,42,Socialistisk Folkeparti
246,vigtig,700,99,227,11,64,9,21,799,Socialistisk Folkeparti
247,landbrugsudspil,33,9,14,1,33,9,14,42,Socialistisk Folkeparti
248,tilgodese,33,9,14,1,33,9,14,42,Socialistisk Folkeparti
249,klima,272,66,89,5,54,13,18,338,Socialistisk Folkeparti
250,politi,131,22,44,2,66,11,22,153,Socialistisk Folkeparti
251,synlig,64,9,28,1,64,9,28,73,Socialistisk Folkeparti
252,nærpolitistation,64,9,28,1,64,9,28,73,Socialistisk Folkeparti
253,satellitstation,64,9,28,1,64,9,28,73,Socialistisk Folkeparti
254,sprede,64,9,28,1,64,9,28,73,Socialistisk Folkeparti
255,tryghed,374,65,90,6,62,11,15,439,Socialistisk Folkeparti
256,rig,441,90,96,6,74,15,16,531,Socialistisk Folkeparti
257,grønt,213,42,36,6,36,7,6,255,Socialistisk Folkeparti
258,kommune,153,22,43,3,51,7,14,175,Socialistisk Folkeparti
259,vild,596,87,130,10,60,9,13,683,Socialistisk Folkeparti
260,konkurrence,55,10,31,1,55,10,31,65,Socialistisk Folkeparti
261,Vildeste,55,10,31,1,55,10,31,65,Socialistisk Folkeparti
262,Kommune,55,10,31,1,55,10,31,65,Socialistisk Folkeparti
263,spænde,55,10,31,1,55,10,31,65,Socialistisk Folkeparti
264,natur,923,128,151,15,62,9,10,1051,Socialistisk Folkeparti
265,dkvild,55,10,31,1,55,10,31,65,Socialistisk Folkeparti
266,Anker,196,15,35,1,196,15,35,211,Socialistisk Folkeparti
267,Jørgensen,196,15,35,1,196,15,35,211,Socialistisk Folkeparti
268,tillidsmand,196,15,35,1,196,15,35,211,Socialistisk Folkeparti
269,dansker,1976,345,384,26,76,13,15,2321,Socialistisk Folkeparti
270,glæde,311,27,47,2,156,14,24,338,Socialistisk Folkeparti
271,nysgerrighed,196,15,35,1,196,15,35,211,Socialistisk Folkeparti
272,humør,306,42,50,3,102,14,17,348,Socialistisk Folkeparti
273,Billedet,196,15,35,1,196,15,35,211,Socialistisk Folkeparti
274,mindearrangement,196,15,35,1,196,15,35,211,Socialistisk Folkeparti
275,forbindelse,196,15,35,1,196,15,35,211,Socialistisk Folkeparti
276,Ankers,196,15,35,1,196,15,35,211,Socialistisk Folkeparti
277,begravelse,196,15,35,1,196,15,35,211,Socialistisk Folkeparti
278,Tonen,106,12,126,1,106,12,126,118,Socialistisk Folkeparti
279,uenighed,106,12,126,1,106,12,126,118,Socialistisk Folkeparti
280,ordentlig,106,12,126,1,106,12,126,118,Socialistisk Folkeparti
281,Næste,44,7,10,1,44,7,10,51,Socialistisk Folkeparti
282,skridt,569,79,106,6,95,13,18,648,Socialistisk Folkeparti
283,skattevæsen,44,7,10,1,44,7,10,51,Socialistisk Folkeparti
284,skattecentre,181,35,40,3,60,12,13,216,Socialistisk Folkeparti
285,skattekontrolmedarbejdere,44,7,10,1,44,7,10,51,Socialistisk Folkeparti
286,regel,187,24,59,3,62,8,20,211,Socialistisk Folkeparti
287,fællesskab,873,188,264,11,79,17,24,1061,Socialistisk Folkeparti
288,Kære,877,208,198,12,73,17,16,1085,Socialistisk Folkeparti
289,corona,352,59,164,5,70,12,33,411,Socialistisk Folkeparti
290,klassekammerat,37,5,47,1,37,5,47,42,Socialistisk Folkeparti
291,ven,262,56,93,3,87,19,31,318,Socialistisk Folkeparti
292,skole,57,9,53,2,28,4,26,66,Socialistisk Folkeparti
293,spor,69,11,61,2,34,6,30,80,Socialistisk Folkeparti
294,butik,190,32,62,2,95,16,31,222,Socialistisk Folkeparti
295,Mette,2971,477,506,34,87,14,15,3448,Socialistisk Folkeparti
296,Frederiksen,2633,402,476,26,101,15,18,3035,Socialistisk Folkeparti
297,Helsingør,86,12,42,1,86,12,42,98,Socialistisk Folkeparti
298,smil,86,12,42,1,86,12,42,98,Socialistisk Folkeparti
299,lettelse,86,12,42,1,86,12,42,98,Socialistisk Folkeparti
300,dør,86,12,42,1,86,12,42,98,Socialistisk Folkeparti
301,udholdenhed,126,15,44,1,126,15,44,141,Socialistisk Folkeparti
302,tålmodighed,126,15,44,1,126,15,44,141,Socialistisk Folkeparti
303,sammenhold,126,15,44,1,126,15,44,141,Socialistisk Folkeparti
304,test,126,15,44,1,126,15,44,141,Socialistisk Folkeparti
305,forskel,629,125,183,9,70,14,20,754,Socialistisk Folkeparti
306,omstilling,835,137,209,12,70,11,17,972,Socialistisk Folkeparti
307,fastholde,61,12,58,1,61,12,58,73,Socialistisk Folkeparti
308,produktionsarbejdspladser,61,12,58,1,61,12,58,73,Socialistisk Folkeparti
309,Sikkerhed,49,4,11,1,49,4,11,53,Socialistisk Folkeparti
310,Rigsfællesskabet,49,4,11,1,49,4,11,53,Socialistisk Folkeparti
311,Arktis,49,4,11,1,49,4,11,53,Socialistisk Folkeparti
312,Tillykke,283,13,26,2,142,6,13,296,Socialistisk Folkeparti
313,finansminister,299,19,39,2,150,10,20,318,Socialistisk Folkeparti
314,Nicolai,249,17,24,2,124,8,12,266,Socialistisk Folkeparti
315,Wammen,213,9,19,1,213,9,19,222,Socialistisk Folkeparti
316,Verden,165,32,21,2,82,16,10,197,Socialistisk Folkeparti
317,allerførst,110,19,18,1,110,19,18,129,Socialistisk Folkeparti
318,energi-ø,110,19,18,1,110,19,18,129,Socialistisk Folkeparti
319,mandag,75,7,20,1,75,7,20,82,Socialistisk Folkeparti
320,skolelærer,194,21,50,2,97,10,25,215,Socialistisk Folkeparti
321,elev,150,14,40,2,75,7,20,164,Socialistisk Folkeparti
322,0.-4,75,7,20,1,75,7,20,82,Socialistisk Folkeparti
323,klasse,135,28,27,2,68,14,14,163,Socialistisk Folkeparti
324,velkommen,213,34,42,2,106,17,21,247,Socialistisk Folkeparti
325,lærer,194,21,50,2,97,10,25,215,Socialistisk Folkeparti
326,forældre,75,7,20,1,75,7,20,82,Socialistisk Folkeparti
327,Alle,1307,222,324,16,82,14,20,1529,Socialistisk Folkeparti
328,situation,381,66,89,4,95,16,22,447,Socialistisk Folkeparti
329,Alt,240,49,87,4,60,12,22,289,Socialistisk Folkeparti
330,voksen,58,9,28,1,58,9,28,67,Socialistisk Folkeparti
331,dårlig,58,9,28,1,58,9,28,67,Socialistisk Folkeparti
332,titel,149,12,14,1,149,12,14,161,Socialistisk Folkeparti
333,økonomisk,317,67,120,3,106,22,40,384,Socialistisk Folkeparti
334,politik,1205,283,315,16,75,18,20,1488,Socialistisk Folkeparti
335,ansvarlig,226,42,110,3,75,14,37,268,Socialistisk Folkeparti
336,arbejdsmarked,487,95,155,7,70,14,22,582,Socialistisk Folkeparti
337,digitalisering,102,17,31,1,102,17,31,119,Socialistisk Folkeparti
338,dygtig,245,60,45,3,82,20,15,305,Socialistisk Folkeparti
339,medarbejder,275,50,68,4,69,12,17,325,Socialistisk Folkeparti
340,Udtalelse,72,11,21,1,72,11,21,83,Socialistisk Folkeparti
341,møde,72,11,21,1,72,11,21,83,Socialistisk Folkeparti
342,Socialdemokratiets,216,45,67,4,54,11,17,261,Socialistisk Folkeparti
343,folketingsgruppe,72,11,21,1,72,11,21,83,Socialistisk Folkeparti
344,rette,2086,399,503,24,87,17,21,2485,Socialistisk Folkeparti
345,pension,2022,306,501,25,81,12,20,2328,Socialistisk Folkeparti
346,Folketinget,667,134,150,6,111,22,25,801,Socialistisk Folkeparti
347,Arnes,352,53,99,3,117,18,33,405,Socialistisk Folkeparti
348,tur,352,53,99,3,117,18,33,405,Socialistisk Folkeparti
349,jul,67,13,16,1,67,13,16,80,Socialistisk Folkeparti
350,anderledes,67,13,16,1,67,13,16,80,Socialistisk Folkeparti
351,bred,257,54,76,4,64,14,19,311,Socialistisk Folkeparti
352,Politiet,67,13,16,1,67,13,16,80,Socialistisk Folkeparti
353,tætte,67,13,16,1,67,13,16,80,Socialistisk Folkeparti
354,borger,257,45,67,5,51,9,13,302,Socialistisk Folkeparti
355,kontrol,323,42,75,2,162,21,38,365,Socialistisk Folkeparti
356,epidemi,177,23,55,1,177,23,55,200,Socialistisk Folkeparti
357,smitte,177,23,55,1,177,23,55,200,Socialistisk Folkeparti
358,samfundssind,565,72,104,3,188,24,35,637,Socialistisk Folkeparti
359,grønlandsk,167,15,58,1,167,15,58,182,Socialistisk Folkeparti
360,eksperimentbørn,167,15,58,1,167,15,58,182,Socialistisk Folkeparti
361,Venstre,1003,196,193,12,84,16,16,1199,Socialistisk Folkeparti
362,skåltaler,74,5,55,1,74,5,55,79,Socialistisk Folkeparti
363,konkret,115,27,59,4,29,7,15,142,Socialistisk Folkeparti
364,million,325,62,100,4,81,16,25,387,Socialistisk Folkeparti
365,bil,546,92,145,6,91,15,24,638,Socialistisk Folkeparti
366,Green,63,8,14,1,63,8,14,71,Socialistisk Folkeparti
367,Friday,126,16,28,2,63,8,14,142,Socialistisk Folkeparti
368,fed,63,8,14,1,63,8,14,71,Socialistisk Folkeparti
369,Black,63,8,14,1,63,8,14,71,Socialistisk Folkeparti
370,Historisk,117,20,19,2,58,10,10,137,Socialistisk Folkeparti
371,løft,219,31,63,3,73,10,21,250,Socialistisk Folkeparti
372,gavn,350,47,86,3,117,16,29,397,Socialistisk Folkeparti
373,plante,238,31,36,4,60,8,9,269,Socialistisk Folkeparti
374,gammel,176,17,79,1,176,17,79,193,Socialistisk Folkeparti
375,skæve,390,45,112,3,130,15,37,435,Socialistisk Folkeparti
376,skattelettelse,760,182,202,10,76,18,20,942,Socialistisk Folkeparti
377,Arne,352,34,158,2,176,17,79,386,Socialistisk Folkeparti
378,socialdemokratisk,519,98,145,6,86,16,24,617,Socialistisk Folkeparti
379,investering,297,49,106,4,74,12,26,346,Socialistisk Folkeparti
380,opkvalificering,176,17,79,1,176,17,79,193,Socialistisk Folkeparti
381,slips,116,18,18,2,58,9,9,134,Socialistisk Folkeparti
382,tidlig,1227,240,297,16,77,15,19,1467,Socialistisk Folkeparti
383,havnearbejder,72,6,10,1,72,6,10,78,Socialistisk Folkeparti
384,gruppeformand,204,8,22,2,102,4,11,212,Socialistisk Folkeparti
385,Formanden,192,11,62,1,192,11,62,203,Socialistisk Folkeparti
386,næstformand,192,11,62,1,192,11,62,203,Socialistisk Folkeparti
387,vagt,68,8,63,1,68,8,63,76,Socialistisk Folkeparti
388,arbejdsplads,413,46,115,6,69,8,19,459,Socialistisk Folkeparti
389,familie,315,63,140,4,79,16,35,378,Socialistisk Folkeparti
390,østrigsk,121,20,33,1,121,20,33,141,Socialistisk Folkeparti
391,forsvar,121,20,33,1,121,20,33,141,Socialistisk Folkeparti
392,ytringsfrihed,121,20,33,1,121,20,33,141,Socialistisk Folkeparti
393,fri,121,20,33,1,121,20,33,141,Socialistisk Folkeparti
394,demokratisk,121,20,33,1,121,20,33,141,Socialistisk Folkeparti
395,Terrorismens,121,20,33,1,121,20,33,141,Socialistisk Folkeparti
396,plag,121,20,33,1,121,20,33,141,Socialistisk Folkeparti
397,afgøre,205,27,59,3,68,9,20,232,Socialistisk Folkeparti
398,tobaksbranchen,100,7,40,1,100,7,40,107,Socialistisk Folkeparti
399,pisk,75,12,26,1,75,12,26,87,Socialistisk Folkeparti
400,gulerod,75,12,26,1,75,12,26,87,Socialistisk Folkeparti
401,Læs,243,46,93,4,61,12,23,289,Socialistisk Folkeparti
402,Genopretningen,45,7,41,1,45,7,41,52,Socialistisk Folkeparti
403,råbe,98,12,20,1,98,12,20,110,Socialistisk Folkeparti
404,hurra,98,12,20,1,98,12,20,110,Socialistisk Folkeparti
405,hjerter,98,12,20,1,98,12,20,110,Socialistisk Folkeparti
406,klimaforandring,164,24,171,3,55,8,57,188,Socialistisk Folkeparti
407,konkurrencekraft,26,3,15,1,26,3,15,29,Socialistisk Folkeparti
408,Politikere,26,3,15,1,26,3,15,29,Socialistisk Folkeparti
409,respekt,408,83,297,5,82,17,59,491,Socialistisk Folkeparti
410,kæmpe,585,144,102,6,98,24,17,729,Socialistisk Folkeparti
411,frihed,61,6,15,1,61,6,15,67,Socialistisk Folkeparti
412,krisetid,129,20,93,2,64,10,46,149,Socialistisk Folkeparti
413,værdighed,80,11,19,2,40,6,10,91,Socialistisk Folkeparti
414,kvalitet,49,6,17,1,49,6,17,55,Socialistisk Folkeparti
415,ældrepleje,403,78,116,7,58,11,17,481,Socialistisk Folkeparti
416,Lille,67,15,15,1,67,15,15,82,Socialistisk Folkeparti
417,Stor,220,31,27,2,110,16,14,251,Socialistisk Folkeparti
418,ansvarlighed,67,15,15,1,67,15,15,82,Socialistisk Folkeparti
419,kamp,894,164,186,10,89,16,19,1058,Socialistisk Folkeparti
420,retfærdighed,63,16,21,1,63,16,21,79,Socialistisk Folkeparti
421,udlændingepolitik,651,126,217,11,59,11,20,777,Socialistisk Folkeparti
422,afstand,294,39,59,2,147,20,30,333,Socialistisk Folkeparti
423,udvise,73,10,16,1,73,10,16,83,Socialistisk Folkeparti
424,Fællesskab,52,5,11,1,52,5,11,57,Socialistisk Folkeparti
425,Havvindmøller,41,8,8,1,41,8,8,49,Socialistisk Folkeparti
426,Energieffektivitet,41,8,8,1,41,8,8,49,Socialistisk Folkeparti
427,Fjernvarme,41,8,8,1,41,8,8,49,Socialistisk Folkeparti
428,Løsninger,41,8,8,1,41,8,8,49,Socialistisk Folkeparti
429,morgen,188,26,32,3,63,9,11,214,Socialistisk Folkeparti
430,Flere,121,27,36,3,40,9,12,148,Socialistisk Folkeparti
431,Arbejdsløshed,49,5,10,1,49,5,10,54,Socialistisk Folkeparti
432,grim,49,5,10,1,49,5,10,54,Socialistisk Folkeparti
433,ansigt,49,5,10,1,49,5,10,54,Socialistisk Folkeparti
434,generation,153,21,24,3,51,7,8,174,Socialistisk Folkeparti
435,langtidsledighed,49,5,10,1,49,5,10,54,Socialistisk Folkeparti
436,naturnationalparker,44,8,6,1,44,8,6,52,Socialistisk Folkeparti
437,Gribskov,44,8,6,1,44,8,6,52,Socialistisk Folkeparti
438,God,400,66,37,6,67,11,6,466,Socialistisk Folkeparti
439,start,116,19,31,3,39,6,10,135,Socialistisk Folkeparti
440,Gulerod,103,22,14,1,103,22,14,125,Socialistisk Folkeparti
441,fordeling,94,18,29,1,94,18,29,112,Socialistisk Folkeparti
442,opførsel,221,29,43,1,221,29,43,250,Socialistisk Folkeparti
443,adfærd,221,29,43,1,221,29,43,250,Socialistisk Folkeparti
444,parat,117,23,31,1,117,23,31,140,Socialistisk Folkeparti
445,nødvendig,117,23,31,1,117,23,31,140,Socialistisk Folkeparti
446,folkestyre,117,23,31,1,117,23,31,140,Socialistisk Folkeparti
447,resultat,352,55,66,3,117,18,22,407,Socialistisk Folkeparti
448,demokrati,117,23,31,1,117,23,31,140,Socialistisk Folkeparti
449,forholdsregel,126,13,22,1,126,13,22,139,Socialistisk Folkeparti
450,beslutning,126,13,22,1,126,13,22,139,Socialistisk Folkeparti
451,rejseaktivitet,126,13,22,1,126,13,22,139,Socialistisk Folkeparti
452,grænse,201,31,42,3,67,10,14,232,Socialistisk Folkeparti
453,kl.,185,29,28,3,62,10,9,214,Socialistisk Folkeparti
454,påske,126,13,22,1,126,13,22,139,Socialistisk Folkeparti
455,hjælpsomhed,315,39,33,1,315,39,33,354,Socialistisk Folkeparti
456,nødt,295,60,61,3,98,20,20,355,Socialistisk Folkeparti
457,øje,180,38,31,1,180,38,31,218,Socialistisk Folkeparti
458,panik,180,38,31,1,180,38,31,218,Socialistisk Folkeparti
459,Sex,154,19,29,1,154,19,29,173,Socialistisk Folkeparti
460,frivillig,154,19,29,1,154,19,29,173,Socialistisk Folkeparti
461,lovforslag,154,19,29,1,154,19,29,173,Socialistisk Folkeparti
462,samtykke,154,19,29,1,154,19,29,173,Socialistisk Folkeparti
463,milepæl,154,19,29,1,154,19,29,173,Socialistisk Folkeparti
464,ligestille,154,19,29,1,154,19,29,173,Socialistisk Folkeparti
465,habit,110,15,41,1,110,15,41,125,Socialistisk Folkeparti
466,kasse,110,15,41,1,110,15,41,125,Socialistisk Folkeparti
467,Uddannelsesloftet,151,26,22,2,76,13,11,177,Socialistisk Folkeparti
468,fejl,117,15,15,1,117,15,15,132,Socialistisk Folkeparti
469,klog,504,59,71,4,126,15,18,563,Socialistisk Folkeparti
470,tanke,144,11,23,1,144,11,23,155,Socialistisk Folkeparti
471,Blandede,282,48,52,2,141,24,26,330,Socialistisk Folkeparti
472,vanvittig,162,20,36,1,162,20,36,182,Socialistisk Folkeparti
473,statskasse,205,34,61,2,102,17,30,239,Socialistisk Folkeparti
474,kørekort,162,20,36,1,162,20,36,182,Socialistisk Folkeparti
475,fængsel,162,20,36,1,162,20,36,182,Socialistisk Folkeparti
476,Vanvidskørsel,162,20,36,1,162,20,36,182,Socialistisk Folkeparti
477,uforståelig,187,69,16,2,94,34,8,256,Socialistisk Folkeparti
478,Radikale,165,35,14,2,82,18,7,200,Socialistisk Folkeparti
479,hånd,666,132,106,9,74,15,12,798,Socialistisk Folkeparti
480,Blackstone,295,39,36,2,148,20,18,334,Socialistisk Folkeparti
481,spekulant,100,14,7,1,100,14,7,114,Socialistisk Folkeparti
482,opkøb,100,14,7,1,100,14,7,114,Socialistisk Folkeparti
483,billige,372,72,47,4,93,18,12,444,Socialistisk Folkeparti
484,lejebolig,100,14,7,1,100,14,7,114,Socialistisk Folkeparti
485,udligningsreform,77,17,13,1,77,17,13,94,Socialistisk Folkeparti
486,skuldre,160,34,50,2,80,17,25,194,Socialistisk Folkeparti
487,tung,160,34,50,2,80,17,25,194,Socialistisk Folkeparti
488,byrde,160,34,50,2,80,17,25,194,Socialistisk Folkeparti
489,afskaffe,131,21,31,1,131,21,31,152,Socialistisk Folkeparti
490,opbakning,314,59,61,4,78,15,15,373,Socialistisk Folkeparti
491,Tommy,131,21,31,1,131,21,31,152,Socialistisk Folkeparti
492,Ahlers,131,21,31,1,131,21,31,152,Socialistisk Folkeparti
493,sygeplejerske,689,187,135,12,57,16,11,876,Socialistisk Folkeparti
494,sundpol,940,235,164,12,78,20,14,1175,Socialistisk Folkeparti
495,spørgsmål,364,75,48,6,61,12,8,439,Socialistisk Folkeparti
496,nytårstale,18,2,5,1,18,2,5,20,Socialistisk Folkeparti
497,hold,287,61,110,1,287,61,110,348,Socialistisk Folkeparti
498,Aftale,125,20,34,1,125,20,34,145,Socialistisk Folkeparti
499,retning,1424,251,267,19,75,13,14,1675,Socialistisk Folkeparti
500,Velkommen,600,15,12,1,600,15,12,615,Socialistisk Folkeparti
501,opgør,426,79,71,4,106,20,18,505,Socialistisk Folkeparti
502,kviklån,82,7,8,1,82,7,8,89,Socialistisk Folkeparti
503,løfte,164,30,38,3,55,10,13,194,Socialistisk Folkeparti
504,markant,134,21,38,2,67,10,19,155,Socialistisk Folkeparti
505,fodboldkamp,146,19,20,1,146,19,20,165,Socialistisk Folkeparti
506,spilreklamer,146,19,20,1,146,19,20,165,Socialistisk Folkeparti
507,bundløs,220,32,32,2,110,16,16,252,Socialistisk Folkeparti
508,gæld,220,32,32,2,110,16,16,252,Socialistisk Folkeparti
509,afhængighed,146,19,20,1,146,19,20,165,Socialistisk Folkeparti
510,spil,189,26,28,3,63,9,9,215,Socialistisk Folkeparti
511,spilmarkedet,146,19,20,1,146,19,20,165,Socialistisk Folkeparti
512,Wind,57,10,9,1,57,10,9,67,Socialistisk Folkeparti
513,change,57,10,9,1,57,10,9,67,Socialistisk Folkeparti
514,forslag,1062,200,230,15,71,13,15,1262,Socialistisk Folkeparti
515,lejer,567,123,119,5,113,25,24,690,Socialistisk Folkeparti
516,andelsbolig,195,25,29,1,195,25,29,220,Socialistisk Folkeparti
517,ros,90,15,11,1,90,15,11,105,Socialistisk Folkeparti
518,klimakrisen,251,39,51,4,63,10,13,290,Socialistisk Folkeparti
519,styrke,110,18,18,1,110,18,18,128,Socialistisk Folkeparti
520,miljø,193,42,22,4,48,10,6,235,Socialistisk Folkeparti
521,drikkevand,580,92,67,7,83,13,10,672,Socialistisk Folkeparti
522,Venstres,572,147,98,6,95,24,16,719,Socialistisk Folkeparti
523,kvælstofudledning,54,5,9,1,54,5,9,59,Socialistisk Folkeparti
524,Landbruget,54,5,9,1,54,5,9,59,Socialistisk Folkeparti
525,erhverv,54,5,9,1,54,5,9,59,Socialistisk Folkeparti
526,bæredygtig,106,15,15,2,53,8,8,121,Socialistisk Folkeparti
527,klimapartnere,78,18,16,1,78,18,16,96,Socialistisk Folkeparti
528,ambition,425,107,92,11,39,10,8,532,Socialistisk Folkeparti
529,virkelighed,141,35,36,3,47,12,12,176,Socialistisk Folkeparti
530,Mint,119,8,21,1,119,8,21,127,Socialistisk Folkeparti
531,chance,244,34,53,2,122,17,26,278,Socialistisk Folkeparti
532,lovgivning,317,44,39,4,79,11,10,361,Socialistisk Folkeparti
533,mening,161,16,31,2,80,8,16,177,Socialistisk Folkeparti
534,stramme,119,8,21,1,119,8,21,127,Socialistisk Folkeparti
535,skør,119,8,21,1,119,8,21,127,Socialistisk Folkeparti
536,enig,945,339,137,11,86,31,12,1284,Socialistisk Folkeparti
537,Folketing,69,14,10,1,69,14,10,83,Socialistisk Folkeparti
538,Forskningen,69,14,10,1,69,14,10,83,Socialistisk Folkeparti
539,kviklånsfirmaerne,85,16,16,1,85,16,16,101,Socialistisk Folkeparti
540,tørre,85,16,16,1,85,16,16,101,Socialistisk Folkeparti
541,tåre,85,16,16,1,85,16,16,101,Socialistisk Folkeparti
542,Stærkt,85,16,16,1,85,16,16,101,Socialistisk Folkeparti
543,initiativ,128,21,50,2,64,10,25,149,Socialistisk Folkeparti
544,erhvervsminister,85,16,16,1,85,16,16,101,Socialistisk Folkeparti
545,forpligtelse,175,31,38,2,88,16,19,206,Socialistisk Folkeparti
546,jordklode,117,10,29,1,117,10,29,127,Socialistisk Folkeparti
547,lån,117,10,29,1,117,10,29,127,Socialistisk Folkeparti
548,topmøde,53,2,12,1,53,2,12,55,Socialistisk Folkeparti
549,Marienborg,53,2,12,1,53,2,12,55,Socialistisk Folkeparti
550,urørt,209,30,34,4,52,8,8,239,Socialistisk Folkeparti
551,skov,473,72,66,8,59,9,8,545,Socialistisk Folkeparti
552,udryddelse,53,2,12,1,53,2,12,55,Socialistisk Folkeparti
553,fornuft,248,38,46,3,83,13,15,286,Socialistisk Folkeparti
554,klimaeffekt,37,5,19,1,37,5,19,42,Socialistisk Folkeparti
555,klimakampen,199,39,46,3,66,13,15,238,Socialistisk Folkeparti
556,Finansministeriet,67,10,22,2,34,5,11,77,Socialistisk Folkeparti
557,ægte,107,14,14,1,107,14,14,121,Socialistisk Folkeparti
558,nedslidt,2177,456,471,29,75,16,16,2633,Socialistisk Folkeparti
559,værdige,1276,252,282,19,67,13,15,1528,Socialistisk Folkeparti
560,Forventningerne,138,19,38,1,138,19,38,157,Socialistisk Folkeparti
561,tårnhøj,138,19,38,1,138,19,38,157,Socialistisk Folkeparti
562,utålmodig,138,19,38,1,138,19,38,157,Socialistisk Folkeparti
563,fremskridt,138,19,38,1,138,19,38,157,Socialistisk Folkeparti
564,fremskidt,138,19,38,1,138,19,38,157,Socialistisk Folkeparti
565,Starten,448,18,24,1,448,18,24,466,Socialistisk Folkeparti
566,godte,779,87,60,7,111,12,9,866,Socialistisk Folkeparti
567,samarbejde,658,63,59,5,132,13,12,721,Socialistisk Folkeparti
568,ftlive,553,37,46,3,184,12,15,590,Socialistisk Folkeparti
569,Medarbejderne,67,8,15,1,67,8,15,75,Socialistisk Folkeparti
570,velfærdssamfund,444,111,96,5,89,22,19,555,Socialistisk Folkeparti
571,intention,67,8,15,1,67,8,15,75,Socialistisk Folkeparti
572,styring,150,24,37,3,50,8,12,174,Socialistisk Folkeparti
573,tryg,194,26,44,4,48,6,11,220,Socialistisk Folkeparti
574,velstillet,150,23,19,2,75,12,10,173,Socialistisk Folkeparti
575,sund,140,21,13,2,70,10,6,161,Socialistisk Folkeparti
576,pensionskasse,86,11,8,1,86,11,8,97,Socialistisk Folkeparti
577,bidrag,86,11,8,1,86,11,8,97,Socialistisk Folkeparti
578,offentlig,363,64,61,6,60,11,10,427,Socialistisk Folkeparti
579,privat,86,11,8,1,86,11,8,97,Socialistisk Folkeparti
580,stormagt,1341,296,159,21,64,14,8,1637,Socialistisk Folkeparti
581,værdi,145,27,29,3,48,9,10,172,Socialistisk Folkeparti
582,mangfoldig,159,19,19,2,80,10,10,178,Socialistisk Folkeparti
583,public,44,7,7,1,44,7,7,51,Socialistisk Folkeparti
584,service-udbud,44,7,7,1,44,7,7,51,Socialistisk Folkeparti
585,ekstrabevilling,44,7,7,1,44,7,7,51,Socialistisk Folkeparti
586,dkmedier,44,7,7,1,44,7,7,51,Socialistisk Folkeparti
587,røgfri,43,5,34,1,43,5,34,48,Socialistisk Folkeparti
588,række,43,5,34,1,43,5,34,48,Socialistisk Folkeparti
589,enorm,214,15,22,1,214,15,22,229,Socialistisk Folkeparti
590,DSU,214,15,22,1,214,15,22,229,Socialistisk Folkeparti
591,bidrage,214,15,22,1,214,15,22,229,Socialistisk Folkeparti
592,fremgang,214,15,22,1,214,15,22,229,Socialistisk Folkeparti
593,Held,214,15,22,1,214,15,22,229,Socialistisk Folkeparti
594,lykke,214,15,22,1,214,15,22,229,Socialistisk Folkeparti
595,kapitel,214,15,22,1,214,15,22,229,Socialistisk Folkeparti
596,mia.,404,67,55,7,58,10,8,471,Socialistisk Folkeparti
597,ekstra,200,28,27,2,100,14,14,228,Socialistisk Folkeparti
598,forskning,82,6,8,1,82,6,8,88,Socialistisk Folkeparti
599,kvindelig,200,27,33,2,100,14,16,227,Socialistisk Folkeparti
600,statsminister,891,144,115,10,89,14,12,1035,Socialistisk Folkeparti
601,Husker,75,6,11,1,75,6,11,81,Socialistisk Folkeparti
602,pære,75,6,11,1,75,6,11,81,Socialistisk Folkeparti
603,valgkamp,685,133,99,11,62,12,9,818,Socialistisk Folkeparti
604,valgperiode,133,22,15,2,66,11,8,155,Socialistisk Folkeparti
605,formand,314,55,30,3,105,18,10,369,Socialistisk Folkeparti
606,Instagram,90,8,12,1,90,8,12,98,Socialistisk Folkeparti
607,Følg,90,8,12,1,90,8,12,98,Socialistisk Folkeparti
608,Link,90,8,12,1,90,8,12,98,Socialistisk Folkeparti
609,jura,206,35,29,2,103,18,14,241,Socialistisk Folkeparti
610,teknik,206,35,29,2,103,18,14,241,Socialistisk Folkeparti
611,tilbagetrækning,347,75,85,5,69,15,17,422,Socialistisk Folkeparti
612,kraft,146,37,26,2,73,18,13,183,Socialistisk Folkeparti
613,lokal,49,6,6,1,49,6,6,55,Socialistisk Folkeparti
614,kr.,284,46,40,4,71,12,10,330,Socialistisk Folkeparti
615,kære,185,14,8,2,92,7,4,199,Socialistisk Folkeparti
616,flagdag,117,8,4,1,117,8,4,125,Socialistisk Folkeparti
617,sundhed,682,141,71,9,76,16,8,823,Socialistisk Folkeparti
618,sundhedsområde,114,13,9,1,114,13,9,127,Socialistisk Folkeparti
619,Fattige,112,13,15,1,112,13,15,125,Socialistisk Folkeparti
620,klimaudvalg,111,13,9,1,111,13,9,124,Socialistisk Folkeparti
621,screene,111,13,9,1,111,13,9,124,Socialistisk Folkeparti
622,effekt,111,13,9,1,111,13,9,124,Socialistisk Folkeparti
623,Lars,2120,537,421,25,85,21,17,2657,Socialistisk Folkeparti
624,Løkkes,827,215,212,12,69,18,18,1042,Socialistisk Folkeparti
625,regning,121,29,76,2,60,14,38,150,Socialistisk Folkeparti
626,uskøn,119,14,30,1,119,14,30,133,Socialistisk Folkeparti
627,forløb,119,14,30,1,119,14,30,133,Socialistisk Folkeparti
628,lærerkonflikten,119,14,30,1,119,14,30,133,Socialistisk Folkeparti
629,Pernille,119,14,30,1,119,14,30,133,Socialistisk Folkeparti
630,undervisningsminister,119,14,30,1,119,14,30,133,Socialistisk Folkeparti
631,tillid,286,47,84,4,72,12,21,333,Socialistisk Folkeparti
632,folkeskole,274,50,68,4,68,12,17,324,Socialistisk Folkeparti
633,Tirsdag,233,21,10,1,233,21,10,254,Socialistisk Folkeparti
634,officiel,528,52,37,2,264,26,18,580,Socialistisk Folkeparti
635,undskyldning,639,73,50,3,213,24,17,712,Socialistisk Folkeparti
636,Godhavnsdrengene,528,52,37,2,264,26,18,580,Socialistisk Folkeparti
637,ordfører,70,4,7,1,70,4,7,74,Socialistisk Folkeparti
638,dejlig,548,63,51,1,548,63,51,611,Socialistisk Folkeparti
639,Henrik,338,26,8,2,169,13,4,364,Socialistisk Folkeparti
640,overgreb,295,31,27,1,295,31,27,326,Socialistisk Folkeparti
641,stat,325,35,31,2,162,18,16,360,Socialistisk Folkeparti
642,varetægt,295,31,27,1,295,31,27,326,Socialistisk Folkeparti
643,Kom,111,21,13,1,111,21,13,132,Socialistisk Folkeparti
644,fv19,3121,612,385,34,92,18,11,3733,Socialistisk Folkeparti
645,megen,542,118,78,7,77,17,11,660,Socialistisk Folkeparti
646,rød,122,24,19,1,122,24,19,146,Socialistisk Folkeparti
647,flok,122,24,19,1,122,24,19,146,Socialistisk Folkeparti
648,Socialdemokrati,122,24,19,1,122,24,19,146,Socialistisk Folkeparti
649,positiv,202,45,31,2,101,22,16,247,Socialistisk Folkeparti
650,forandring,122,24,19,1,122,24,19,146,Socialistisk Folkeparti
651,Nyrup,122,24,19,1,122,24,19,146,Socialistisk Folkeparti
652,Løkke,2093,556,384,26,80,21,15,2649,Socialistisk Folkeparti
653,Værdighed,55,9,1,1,55,9,1,64,Socialistisk Folkeparti
654,skyld,331,69,35,6,55,12,6,400,Socialistisk Folkeparti
655,dagsorden,77,12,12,1,77,12,12,89,Socialistisk Folkeparti
656,pædagog,77,12,12,1,77,12,12,89,Socialistisk Folkeparti
657,lede,127,31,19,1,127,31,19,158,Socialistisk Folkeparti
658,succes,127,31,19,1,127,31,19,158,Socialistisk Folkeparti
659,valgkampsløfter,127,31,19,1,127,31,19,158,Socialistisk Folkeparti
660,guld,125,24,18,2,62,12,9,149,Socialistisk Folkeparti
661,Thorvald,124,25,38,1,124,25,38,149,Socialistisk Folkeparti
662,Stauning,124,25,38,1,124,25,38,149,Socialistisk Folkeparti
663,perfekt,124,25,38,1,124,25,38,149,Socialistisk Folkeparti
664,Børnene,124,25,38,1,124,25,38,149,Socialistisk Folkeparti
665,nation,124,25,38,1,124,25,38,149,Socialistisk Folkeparti
666,aktiv,157,35,44,2,78,18,22,192,Socialistisk Folkeparti
667,splittelse,158,25,9,1,158,25,9,183,Socialistisk Folkeparti
668,had,158,25,9,1,158,25,9,183,Socialistisk Folkeparti
669,stemning,56,9,8,1,56,9,8,65,Socialistisk Folkeparti
670,Ballerup,56,9,8,1,56,9,8,65,Socialistisk Folkeparti
671,kampagne,56,9,8,1,56,9,8,65,Socialistisk Folkeparti
672,boligudspil,56,9,8,1,56,9,8,65,Socialistisk Folkeparti
673,annoncere,230,42,20,2,115,21,10,272,Socialistisk Folkeparti
674,avis,184,27,19,1,184,27,19,211,Socialistisk Folkeparti
675,skræmmekampagne,184,27,19,1,184,27,19,211,Socialistisk Folkeparti
676,modstander,221,42,29,2,110,21,14,263,Socialistisk Folkeparti
677,folk,157,30,21,3,52,10,7,187,Socialistisk Folkeparti
678,forhold,230,51,38,4,58,13,10,281,Socialistisk Folkeparti
679,handicap.#dkpol,92,16,5,1,92,16,5,108,Socialistisk Folkeparti
680,forskrækkelse,153,26,12,1,153,26,12,179,Socialistisk Folkeparti
681,socialdemokrat,355,82,39,4,89,20,10,437,Socialistisk Folkeparti
682,ep19dk,233,50,14,4,58,12,4,283,Socialistisk Folkeparti
683,arbejdsgiver,163,32,99,2,82,16,50,195,Socialistisk Folkeparti
684,bevidst,58,8,7,1,58,8,7,66,Socialistisk Folkeparti
685,illegal,58,8,7,1,58,8,7,66,Socialistisk Folkeparti
686,arbejdskraft,58,8,7,1,58,8,7,66,Socialistisk Folkeparti
687,lov,58,8,7,1,58,8,7,66,Socialistisk Folkeparti
688,true,397,77,66,1,397,77,66,474,Socialistisk Folkeparti
689,free,397,77,66,1,397,77,66,474,Socialistisk Folkeparti
690,Denmark,397,77,66,1,397,77,66,474,Socialistisk Folkeparti
691,psykiatri,56,11,4,1,56,11,4,67,Socialistisk Folkeparti
692,snuptag,56,11,4,1,56,11,4,67,Socialistisk Folkeparti
693,lang,56,11,4,1,56,11,4,67,Socialistisk Folkeparti
694,sej,56,11,4,1,56,11,4,67,Socialistisk Folkeparti
695,træk,56,11,4,1,56,11,4,67,Socialistisk Folkeparti
696,10-års,56,11,4,1,56,11,4,67,Socialistisk Folkeparti
697,realistisk,129,36,39,4,32,9,10,165,Socialistisk Folkeparti
698,tilgang,56,11,4,1,56,11,4,67,Socialistisk Folkeparti
699,Psykisk,56,11,4,1,56,11,4,67,Socialistisk Folkeparti
700,sårbarhed,213,45,19,2,106,22,10,258,Socialistisk Folkeparti
701,sygdom,56,11,4,1,56,11,4,67,Socialistisk Folkeparti
702,fysisk,56,11,4,1,56,11,4,67,Socialistisk Folkeparti
703,lidelse,56,11,4,1,56,11,4,67,Socialistisk Folkeparti
704,seddel,111,34,8,1,111,34,8,145,Socialistisk Folkeparti
705,duel,111,34,8,1,111,34,8,145,Socialistisk Folkeparti
706,ring,154,48,15,2,77,24,8,202,Socialistisk Folkeparti
707,hør,149,56,10,2,74,28,5,205,Socialistisk Folkeparti
708,Ingeborg,50,9,4,1,50,9,4,59,Socialistisk Folkeparti
709,alderdom,190,39,30,4,48,10,8,229,Socialistisk Folkeparti
710,ren,524,95,86,7,75,14,12,619,Socialistisk Folkeparti
711,debat,63,7,7,1,63,7,7,70,Socialistisk Folkeparti
712,lederskab,152,33,27,2,76,16,14,185,Socialistisk Folkeparti
713,klimalov,275,53,28,3,92,18,9,328,Socialistisk Folkeparti
714,CO2-udledning,127,33,21,2,64,16,10,160,Socialistisk Folkeparti
715,pct.,179,44,25,3,60,15,8,223,Socialistisk Folkeparti
716,løgn,120,32,26,2,60,16,13,152,Socialistisk Folkeparti
717,forår,100,27,26,1,100,27,26,127,Socialistisk Folkeparti
718,naturpark,145,15,18,2,72,8,9,160,Socialistisk Folkeparti
719,hektar,115,12,12,1,115,12,12,127,Socialistisk Folkeparti
720,national,145,15,18,2,72,8,9,160,Socialistisk Folkeparti
721,nette,145,15,18,2,72,8,9,160,Socialistisk Folkeparti
722,sti,145,15,18,2,72,8,9,160,Socialistisk Folkeparti
723,rute,145,15,18,2,72,8,9,160,Socialistisk Folkeparti
724,dyreliv,115,12,12,1,115,12,12,127,Socialistisk Folkeparti
725,naturudspil,30,3,6,1,30,3,6,33,Socialistisk Folkeparti
726,Tusind,27,9,0,1,27,9,0,36,Socialistisk Folkeparti
727,Rita,27,9,0,1,27,9,0,36,Socialistisk Folkeparti
728,sang,27,9,0,1,27,9,0,36,Socialistisk Folkeparti
729,loft,27,5,3,1,27,5,3,32,Socialistisk Folkeparti
730,bruge,27,5,3,1,27,5,3,32,Socialistisk Folkeparti
731,konsulent,68,15,7,2,34,8,4,83,Socialistisk Folkeparti
732,Velfærd,271,76,60,7,39,11,9,347,Socialistisk Folkeparti
733,Sygeplejersken,67,11,5,1,67,11,5,78,Socialistisk Folkeparti
734,Lotte,67,11,5,1,67,11,5,78,Socialistisk Folkeparti
735,Mere,195,69,28,4,49,17,7,264,Socialistisk Folkeparti
736,kernevelfærd,41,10,4,1,41,10,4,51,Socialistisk Folkeparti
737,optagelse,176,31,23,1,176,31,23,207,Socialistisk Folkeparti
738,valgstrategi,176,31,23,1,176,31,23,207,Socialistisk Folkeparti
739,bus,217,27,18,1,217,27,18,244,Socialistisk Folkeparti
740,Hugo,40,6,6,1,40,6,6,46,Socialistisk Folkeparti
741,folkepension,819,191,248,12,68,16,21,1010,Socialistisk Folkeparti
742,sygevikar,153,16,12,1,153,16,12,169,Socialistisk Folkeparti
743,medlem,83,15,14,1,83,15,14,98,Socialistisk Folkeparti
744,slutte,227,63,36,3,76,21,12,290,Socialistisk Folkeparti
745,syge,143,36,35,3,48,12,12,179,Socialistisk Folkeparti
746,nybrud,54,10,11,1,54,10,11,64,Socialistisk Folkeparti
747,pensionsalder,264,54,93,4,66,14,23,318,Socialistisk Folkeparti
748,udspil,689,187,114,14,49,13,8,876,Socialistisk Folkeparti
749,princip,57,15,22,1,57,15,22,72,Socialistisk Folkeparti
750,Frederiksens,159,49,18,5,32,10,4,208,Socialistisk Folkeparti
751,hilse,60,13,2,1,60,13,2,73,Socialistisk Folkeparti
752,sygeseng,60,13,2,1,60,13,2,73,Socialistisk Folkeparti
753,bedring,60,13,2,1,60,13,2,73,Socialistisk Folkeparti
754,førertrøje,63,13,6,1,63,13,6,76,Socialistisk Folkeparti
755,faste,63,13,6,1,63,13,6,76,Socialistisk Folkeparti
756,.@DanJoergensen,44,15,6,1,44,15,6,59,Socialistisk Folkeparti
757,afsløring,44,15,6,1,44,15,6,59,Socialistisk Folkeparti
758,fis,44,15,6,1,44,15,6,59,Socialistisk Folkeparti
759,ballade,44,15,6,1,44,15,6,59,Socialistisk Folkeparti
760,spinmanual,44,15,6,1,44,15,6,59,Socialistisk Folkeparti
761,Lotto,125,26,32,1,125,26,32,151,Socialistisk Folkeparti
762,tal,30,11,9,1,30,11,9,41,Socialistisk Folkeparti
763,hundrede,30,11,9,1,30,11,9,41,Socialistisk Folkeparti
764,seniorførtidspension,149,50,29,2,74,25,14,199,Socialistisk Folkeparti
765,Dkpol,30,11,9,1,30,11,9,41,Socialistisk Folkeparti
766,forbud,288,48,39,3,96,16,13,336,Socialistisk Folkeparti
767,sprøjtegift,330,95,42,3,110,32,14,425,Socialistisk Folkeparti
768,areal,134,23,26,2,67,12,13,157,Socialistisk Folkeparti
769,vand,89,15,20,1,89,15,20,104,Socialistisk Folkeparti
770,vandhane,89,15,20,1,89,15,20,104,Socialistisk Folkeparti
771,grafik,119,39,20,1,119,39,20,158,Socialistisk Folkeparti
772,kold,64,15,8,1,64,15,8,79,Socialistisk Folkeparti
773,skulder,64,15,8,1,64,15,8,79,Socialistisk Folkeparti
774,Nedslidte,64,15,8,1,64,15,8,79,Socialistisk Folkeparti
775,Hej,39,6,5,3,13,2,2,45,Socialistisk Folkeparti
776,orden,142,28,38,2,71,14,19,170,Socialistisk Folkeparti
777,spin,126,27,22,2,63,14,11,153,Socialistisk Folkeparti
778,Mvh,81,17,19,1,81,17,19,98,Socialistisk Folkeparti
779,Stoppe,72,16,3,1,72,16,3,88,Socialistisk Folkeparti
780,skattesnyd,72,16,3,1,72,16,3,88,Socialistisk Folkeparti
781,dumping,254,58,27,3,85,19,9,312,Socialistisk Folkeparti
782,Gøre,72,16,3,1,72,16,3,88,Socialistisk Folkeparti
783,klimaunion,72,16,3,1,72,16,3,88,Socialistisk Folkeparti
784,nærområde,148,43,15,3,49,14,5,191,Socialistisk Folkeparti
785,eupol,195,44,24,3,65,15,8,239,Socialistisk Folkeparti
786,skattely,82,23,6,2,41,12,3,105,Socialistisk Folkeparti
787,international,55,14,6,1,55,14,6,69,Socialistisk Folkeparti
788,skattefusk,55,14,6,1,55,14,6,69,Socialistisk Folkeparti
789,Fælles,55,14,6,1,55,14,6,69,Socialistisk Folkeparti
790,bund,91,20,15,2,46,10,8,111,Socialistisk Folkeparti
791,selskabsskat,55,14,6,1,55,14,6,69,Socialistisk Folkeparti
792,Beskatning,55,14,6,1,55,14,6,69,Socialistisk Folkeparti
793,tech-giganter,55,14,6,1,55,14,6,69,Socialistisk Folkeparti
794,Krav,55,14,6,1,55,14,6,69,Socialistisk Folkeparti
795,fair,182,43,29,3,61,14,10,225,Socialistisk Folkeparti
796,skatte,135,41,27,3,45,14,9,176,Socialistisk Folkeparti
797,udbud,55,14,6,1,55,14,6,69,Socialistisk Folkeparti
798,Bindende,50,12,0,1,50,12,0,62,Socialistisk Folkeparti
799,Hæv,50,12,0,1,50,12,0,62,Socialistisk Folkeparti
800,CO2-reduktion,50,12,0,1,50,12,0,62,Socialistisk Folkeparti
801,Klimavurdering,50,12,0,1,50,12,0,62,Socialistisk Folkeparti
802,EU-plan,27,9,0,1,27,9,0,36,Socialistisk Folkeparti
803,Kommuner,39,15,4,2,20,8,2,54,Socialistisk Folkeparti
804,selskab,27,9,0,1,27,9,0,36,Socialistisk Folkeparti
805,vilje,61,12,2,1,61,12,2,73,Socialistisk Folkeparti
806,bud,61,12,2,1,61,12,2,73,Socialistisk Folkeparti
807,farbar,61,12,2,1,61,12,2,73,Socialistisk Folkeparti
808,klar,324,71,98,4,81,18,24,395,Socialistisk Folkeparti
809,allerværst,77,16,17,1,77,16,17,93,Socialistisk Folkeparti
810,Beskæftigelsesminister,52,12,5,1,52,12,5,64,Socialistisk Folkeparti
811,hastesamråd,52,12,5,1,52,12,5,64,Socialistisk Folkeparti
812,rapport,52,12,5,1,52,12,5,64,Socialistisk Folkeparti
813,nedslidning,52,12,5,1,52,12,5,64,Socialistisk Folkeparti
814,skuffe,74,16,10,2,37,8,5,90,Socialistisk Folkeparti
815,måned,76,16,9,2,38,8,4,92,Socialistisk Folkeparti
816,tilskud,73,18,10,1,73,18,10,91,Socialistisk Folkeparti
817,Resultatet,119,33,11,2,60,16,6,152,Socialistisk Folkeparti
818,besparelse,233,68,45,6,39,11,8,301,Socialistisk Folkeparti
819,tale,293,69,48,5,59,14,10,362,Socialistisk Folkeparti
820,lyst,138,27,22,1,138,27,22,165,Socialistisk Folkeparti
821,nedskæring,256,58,33,2,128,29,16,314,Socialistisk Folkeparti
822,Arbejdstilsynet,92,24,17,1,92,24,17,116,Socialistisk Folkeparti
823,hæve,92,24,17,1,92,24,17,116,Socialistisk Folkeparti
824,erstatning,92,24,17,1,92,24,17,116,Socialistisk Folkeparti
825,psykisk,249,58,32,2,124,29,16,307,Socialistisk Folkeparti
826,arbejdsmiljø,92,24,17,1,92,24,17,116,Socialistisk Folkeparti
827,Søren,22,4,5,1,22,4,5,26,Socialistisk Folkeparti
828,Anders,65,18,30,2,32,9,15,83,Socialistisk Folkeparti
829,forgange,22,4,5,1,22,4,5,26,Socialistisk Folkeparti
830,fornøjelse,22,4,5,1,22,4,5,26,Socialistisk Folkeparti
831,område,136,31,12,2,68,16,6,167,Socialistisk Folkeparti
832,sundhedsreform,414,93,72,5,83,19,14,507,Socialistisk Folkeparti
833,grundvand,111,18,12,2,56,9,6,129,Socialistisk Folkeparti
834,løse,65,18,8,1,65,18,8,83,Socialistisk Folkeparti
835,Omsorg,81,23,10,2,40,12,5,104,Socialistisk Folkeparti
836,kurs,65,18,8,1,65,18,8,83,Socialistisk Folkeparti
837,privatisering,105,21,25,1,105,21,25,126,Socialistisk Folkeparti
838,Mønstret,105,21,25,1,105,21,25,126,Socialistisk Folkeparti
839,kende,105,21,25,1,105,21,25,126,Socialistisk Folkeparti
840,sundhedsminister,105,21,25,1,105,21,25,126,Socialistisk Folkeparti
841,privathospital,105,21,25,1,105,21,25,126,Socialistisk Folkeparti
842,turbo,59,8,8,1,59,8,8,67,Socialistisk Folkeparti
843,energi,378,70,50,5,76,14,10,448,Socialistisk Folkeparti
844,vandboring,132,63,15,2,66,32,8,195,Socialistisk Folkeparti
845,sprøjtemiddel,45,8,6,1,45,8,6,53,Socialistisk Folkeparti
846,allerforrest,118,22,19,1,118,22,19,140,Socialistisk Folkeparti
847,Første,118,22,19,1,118,22,19,140,Socialistisk Folkeparti
848,havvindmølleparker,406,77,59,4,102,19,15,483,Socialistisk Folkeparti
849,DKGreen,118,22,19,1,118,22,19,140,Socialistisk Folkeparti
850,Klimaforandringerne,101,24,24,1,101,24,24,125,Socialistisk Folkeparti
851,Handling,101,24,24,1,101,24,24,125,Socialistisk Folkeparti
852,sikkerhed,36,5,7,1,36,5,7,41,Socialistisk Folkeparti
853,Antallet,72,10,14,2,36,5,7,82,Socialistisk Folkeparti
854,kontrolbesøg,36,5,7,1,36,5,7,41,Socialistisk Folkeparti
855,styrtdykke,36,5,7,1,36,5,7,41,Socialistisk Folkeparti
856,ulykke,36,5,7,1,36,5,7,41,Socialistisk Folkeparti
857,skatteskandalen,43,14,25,1,43,14,25,57,Socialistisk Folkeparti
858,Fogh,43,14,25,1,43,14,25,57,Socialistisk Folkeparti
859,Kristian,132,41,42,3,44,14,14,173,Socialistisk Folkeparti
860,Jensen,122,38,41,2,61,19,20,160,Socialistisk Folkeparti
861,klimaudspil,139,22,10,1,139,22,10,161,Socialistisk Folkeparti
862,opposition,191,30,17,2,96,15,8,221,Socialistisk Folkeparti
863,vedtagelse,139,22,10,1,139,22,10,161,Socialistisk Folkeparti
864,valgflæsk,139,22,10,1,139,22,10,161,Socialistisk Folkeparti
865,realitet,139,22,10,1,139,22,10,161,Socialistisk Folkeparti
866,topskattelettelser,226,45,67,4,56,11,17,271,Socialistisk Folkeparti
867,Mads,74,18,12,1,74,18,12,92,Socialistisk Folkeparti
868,sundhedsassistent,74,18,12,1,74,18,12,92,Socialistisk Folkeparti
869,kolleger,109,25,15,2,54,12,8,134,Socialistisk Folkeparti
870,⁦@RabjergMadsen⁩,45,10,3,1,45,10,3,55,Socialistisk Folkeparti
871,Politiske,45,10,3,1,45,10,3,55,Socialistisk Folkeparti
872,landbrugspakkens,45,10,3,1,45,10,3,55,Socialistisk Folkeparti
873,miljøsvineri,45,10,3,1,45,10,3,55,Socialistisk Folkeparti
874,gengæld,140,25,24,3,47,8,8,165,Socialistisk Folkeparti
875,Ellemann,45,10,3,1,45,10,3,55,Socialistisk Folkeparti
876,Masser,45,10,3,1,45,10,3,55,Socialistisk Folkeparti
877,ord,88,32,14,4,22,8,4,120,Socialistisk Folkeparti
878,bro,71,18,14,1,71,18,14,89,Socialistisk Folkeparti
879,jernbane,71,18,14,1,71,18,14,89,Socialistisk Folkeparti
880,cykelsti,71,18,14,1,71,18,14,89,Socialistisk Folkeparti
881,infrastruktur,71,18,14,1,71,18,14,89,Socialistisk Folkeparti
882,.@LiberalAlliance,161,61,46,2,80,30,23,222,Socialistisk Folkeparti
883,tvivl,46,11,16,1,46,11,16,57,Socialistisk Folkeparti
884,skolevalg,138,24,10,2,69,12,5,162,Socialistisk Folkeparti
885,🏻@DSUnet,31,1,1,1,31,1,1,32,Socialistisk Folkeparti
886,live,18,7,3,1,18,7,3,25,Socialistisk Folkeparti
887,Facebook,145,36,26,3,48,12,9,181,Socialistisk Folkeparti
888,reaktion,80,21,12,1,80,21,12,101,Socialistisk Folkeparti
889,mursten,32,6,14,1,32,6,14,38,Socialistisk Folkeparti
890,murerspande,32,6,14,1,32,6,14,38,Socialistisk Folkeparti
891,skrælle,32,7,7,1,32,7,7,39,Socialistisk Folkeparti
892,frikadelle,32,7,7,1,32,7,7,39,Socialistisk Folkeparti
893,storkøkken,32,7,7,1,32,7,7,39,Socialistisk Folkeparti
894,arm,32,7,7,1,32,7,7,39,Socialistisk Folkeparti
895,ben,32,7,7,1,32,7,7,39,Socialistisk Folkeparti
896,kuffert,35,7,3,1,35,7,3,42,Socialistisk Folkeparti
897,byrd,35,7,3,1,35,7,3,42,Socialistisk Folkeparti
898,hverdag,33,7,2,2,16,4,1,40,Socialistisk Folkeparti
899,ide,104,31,13,1,104,31,13,135,Socialistisk Folkeparti
900,Nyfødte,66,11,23,1,66,11,23,77,Socialistisk Folkeparti
901,fødsel,181,61,53,2,90,30,26,242,Socialistisk Folkeparti
902,Forældre,66,11,23,1,66,11,23,77,Socialistisk Folkeparti
903,hospital,66,11,23,1,66,11,23,77,Socialistisk Folkeparti
904,omsorg,500,137,105,8,62,17,13,637,Socialistisk Folkeparti
905,nærhed,331,85,59,7,47,12,8,416,Socialistisk Folkeparti
906,sundhedsudspil,58,18,13,1,58,18,13,76,Socialistisk Folkeparti
907,Stop,35,20,5,1,35,20,5,55,Socialistisk Folkeparti
908,sundhedsvæsen,279,69,45,6,46,12,8,348,Socialistisk Folkeparti
909,forkert,523,123,75,6,87,20,12,646,Socialistisk Folkeparti
910,Del,362,134,36,5,72,27,7,496,Socialistisk Folkeparti
911,fedt,98,13,15,1,98,13,15,111,Socialistisk Folkeparti
912,Drop,98,13,15,1,98,13,15,111,Socialistisk Folkeparti
913,tanker,98,13,15,1,98,13,15,111,Socialistisk Folkeparti
914,kopimaskine,98,13,15,1,98,13,15,111,Socialistisk Folkeparti
915,hurtig,153,32,21,1,153,32,21,185,Socialistisk Folkeparti
916,pleje,93,30,15,2,46,15,8,123,Socialistisk Folkeparti
917,unødvendig,49,9,11,1,49,9,11,58,Socialistisk Folkeparti
918,strukturprojekter,49,9,11,1,49,9,11,58,Socialistisk Folkeparti
919,sejr,154,25,13,1,154,25,13,179,Socialistisk Folkeparti
920,Vilhelm,71,11,25,1,71,11,25,82,Socialistisk Folkeparti
921,Julie,71,11,25,1,71,11,25,82,Socialistisk Folkeparti
922,system,163,47,48,3,54,16,16,210,Socialistisk Folkeparti
923,nyfødt,71,11,25,1,71,11,25,82,Socialistisk Folkeparti
924,familieliv,71,11,25,1,71,11,25,82,Socialistisk Folkeparti
925,Klar,101,27,24,1,101,27,24,128,Socialistisk Folkeparti
926,Venstre-folk,53,17,9,1,53,17,9,70,Socialistisk Folkeparti
927,centraliseringsplaner,53,17,9,1,53,17,9,70,Socialistisk Folkeparti
928,nærhospitaler,53,17,9,1,53,17,9,70,Socialistisk Folkeparti
929,Regeringspartierne,48,14,12,1,48,14,12,62,Socialistisk Folkeparti
930,Regningen,48,14,12,1,48,14,12,62,Socialistisk Folkeparti
931,toppe,48,14,12,1,48,14,12,62,Socialistisk Folkeparti
932,velfærdsnedskæringer,48,14,12,1,48,14,12,62,Socialistisk Folkeparti
933,mia,41,10,9,1,41,10,9,51,Socialistisk Folkeparti
934,Verdens,62,15,10,1,62,15,10,77,Socialistisk Folkeparti
935,halvdel,62,15,10,1,62,15,10,77,Socialistisk Folkeparti
936,jord,62,15,10,1,62,15,10,77,Socialistisk Folkeparti
937,befolkning,82,20,10,2,41,10,5,102,Socialistisk Folkeparti
938,Linket,2,1,0,1,2,1,0,3,Socialistisk Folkeparti
939,fupnummer,209,41,43,2,104,20,22,250,Socialistisk Folkeparti
940,Folketingets,96,20,19,1,96,20,19,116,Socialistisk Folkeparti
941,talerstol,127,28,32,2,64,14,16,155,Socialistisk Folkeparti
942,sølle,96,20,19,1,96,20,19,116,Socialistisk Folkeparti
943,tydelighed,96,20,19,1,96,20,19,116,Socialistisk Folkeparti
944,folketingsvalg,69,18,44,2,34,9,22,87,Socialistisk Folkeparti
945,ulighed,109,30,54,3,36,10,18,139,Socialistisk Folkeparti
946,lighed,82,18,13,1,82,18,13,100,Socialistisk Folkeparti
947,billig,95,30,21,1,95,30,21,125,Socialistisk Folkeparti
948,privatfly,95,30,21,1,95,30,21,125,Socialistisk Folkeparti
949,Resten,95,30,21,1,95,30,21,125,Socialistisk Folkeparti
950,julegave,95,30,21,1,95,30,21,125,Socialistisk Folkeparti
951,Europa,274,61,38,5,55,12,8,335,Socialistisk Folkeparti
952,allerrigeste,89,19,27,1,89,19,27,108,Socialistisk Folkeparti
953,SKÅL,62,22,19,1,62,22,19,84,Socialistisk Folkeparti
954,rødvinsreform,62,22,19,1,62,22,19,84,Socialistisk Folkeparti
955,Folk,62,22,19,1,62,22,19,84,Socialistisk Folkeparti
956,formueindkomster,62,22,19,1,62,22,19,84,Socialistisk Folkeparti
957,minister,126,21,30,1,126,21,30,147,Socialistisk Folkeparti
958,TAK,126,21,30,1,126,21,30,147,Socialistisk Folkeparti
959,skattesystem,180,65,39,1,180,65,39,245,Socialistisk Folkeparti
960,forbrydelse,180,65,39,1,180,65,39,245,Socialistisk Folkeparti
961,Mogens,180,65,39,1,180,65,39,245,Socialistisk Folkeparti
962,Lykketoft,180,65,39,1,180,65,39,245,Socialistisk Folkeparti
963,tredje,104,20,20,1,104,20,20,124,Socialistisk Folkeparti
964,cigaret,104,20,20,1,104,20,20,124,Socialistisk Folkeparti
965,erhvervsskole,467,165,70,7,67,24,10,632,Socialistisk Folkeparti
966,holdning,43,13,7,1,43,13,7,56,Socialistisk Folkeparti
967,SU'en,43,13,7,1,43,13,7,56,Socialistisk Folkeparti
968,pengepung,43,13,7,1,43,13,7,56,Socialistisk Folkeparti
969,2025-plan,71,11,17,1,71,11,17,82,Socialistisk Folkeparti
970,omgang,172,35,29,2,86,18,14,207,Socialistisk Folkeparti
971,time,376,105,93,4,94,26,23,481,Socialistisk Folkeparti
972,Rigshospitalet,115,50,30,1,115,50,30,165,Socialistisk Folkeparti
973,dumme,77,29,11,1,77,29,11,106,Socialistisk Folkeparti
974,bluffnummer,77,29,11,1,77,29,11,106,Socialistisk Folkeparti
975,Kyniske,105,22,34,1,105,22,34,127,Socialistisk Folkeparti
976,bolighaj,105,22,34,1,105,22,34,127,Socialistisk Folkeparti
977,tvangsauktion,105,22,34,1,105,22,34,127,Socialistisk Folkeparti
978,udleje,105,22,34,1,105,22,34,127,Socialistisk Folkeparti
979,Udlejere,105,22,34,1,105,22,34,127,Socialistisk Folkeparti
980,ressourcesvag,105,22,34,1,105,22,34,127,Socialistisk Folkeparti
981,original,1,0,1,1,1,0,1,1,Socialistisk Folkeparti
982,filippinsk,91,21,12,1,91,21,12,112,Socialistisk Folkeparti
983,chauffør,91,21,12,1,91,21,12,112,Socialistisk Folkeparti
984,slumlejr,91,21,12,1,91,21,12,112,Socialistisk Folkeparti
985,kontrolindsats,121,26,15,2,60,13,8,147,Socialistisk Folkeparti
986,uge,224,50,51,2,112,25,26,274,Socialistisk Folkeparti
987,stoppe,230,50,61,5,46,10,12,280,Socialistisk Folkeparti
988,Støjberg,101,24,12,1,101,24,12,125,Socialistisk Folkeparti
989,weekend,101,24,12,1,101,24,12,125,Socialistisk Folkeparti
990,Skandalesagerne,60,13,14,1,60,13,14,73,Socialistisk Folkeparti
991,fortsætte,60,13,14,1,60,13,14,73,Socialistisk Folkeparti
992,White,772,235,36,1,772,235,36,1007,Socialistisk Folkeparti
993,House,772,235,36,1,772,235,36,1007,Socialistisk Folkeparti
994,report,960,300,44,2,480,150,22,1260,Socialistisk Folkeparti
995,Nordic,960,300,44,2,480,150,22,1260,Socialistisk Folkeparti
996,Socialism,960,300,44,2,480,150,22,1260,Socialistisk Folkeparti
997,And,960,300,44,2,480,150,22,1260,Socialistisk Folkeparti
998,TOTALLY,960,300,44,2,480,150,22,1260,Socialistisk Folkeparti
999,news,960,300,44,2,480,150,22,1260,Socialistisk Folkeparti
1000,SAD,960,300,44,2,480,150,22,1260,Socialistisk Folkeparti
1001,made,188,65,8,1,188,65,8,253,Socialistisk Folkeparti
1002,opholdstilladelse,99,23,20,1,99,23,20,122,Socialistisk Folkeparti
1003,Kina,178,40,37,2,89,20,18,218,Socialistisk Folkeparti
1004,Indien,178,40,37,2,89,20,18,218,Socialistisk Folkeparti
1005,Rusland,99,23,20,1,99,23,20,122,Socialistisk Folkeparti
1006,timen+pension,99,23,20,1,99,23,20,122,Socialistisk Folkeparti
1007,lønning,99,23,20,1,99,23,20,122,Socialistisk Folkeparti
1008,løndumping,99,23,20,1,99,23,20,122,Socialistisk Folkeparti
1009,Skandalerne,152,45,42,2,76,22,21,197,Socialistisk Folkeparti
1010,skattesvindel,100,30,28,1,100,30,28,130,Socialistisk Folkeparti
1011,hvidvaske,100,30,28,1,100,30,28,130,Socialistisk Folkeparti
1012,grådighed,100,30,28,1,100,30,28,130,Socialistisk Folkeparti
1013,øverst,100,30,28,1,100,30,28,130,Socialistisk Folkeparti
1014,udspekulerethed,100,30,28,1,100,30,28,130,Socialistisk Folkeparti
1015,bekymre,100,30,28,1,100,30,28,130,Socialistisk Folkeparti
1016,kontrolmyndighed,68,13,4,1,68,13,4,81,Socialistisk Folkeparti
1017,muskel,68,13,4,1,68,13,4,81,Socialistisk Folkeparti
1018,finanssektor,104,19,13,2,52,10,6,123,Socialistisk Folkeparti
1019,SKAT,295,76,62,4,74,19,16,371,Socialistisk Folkeparti
1020,Regeringens,93,29,17,2,46,14,8,122,Socialistisk Folkeparti
1021,uvildig,52,15,14,1,52,15,14,67,Socialistisk Folkeparti
1022,undersøgelse,52,15,14,1,52,15,14,67,Socialistisk Folkeparti
1023,stykke,79,24,16,1,79,24,16,103,Socialistisk Folkeparti
1024,skandale,194,54,41,3,65,18,14,248,Socialistisk Folkeparti
1025,køb,79,24,16,1,79,24,16,103,Socialistisk Folkeparti
1026,kommission,79,24,16,1,79,24,16,103,Socialistisk Folkeparti
1027,Tid,94,31,16,2,47,16,8,125,Socialistisk Folkeparti
1028,Brunsviger-gate,237,28,15,1,237,28,15,265,Socialistisk Folkeparti
1029,FynErFarin,237,28,15,1,237,28,15,265,Socialistisk Folkeparti
1030,gennemskue,65,15,9,1,65,15,9,80,Socialistisk Folkeparti
1031,armbevægelse,65,15,9,1,65,15,9,80,Socialistisk Folkeparti
1032,snooze-knappen,43,11,9,1,43,11,9,54,Socialistisk Folkeparti
1033,klimafond,43,11,9,1,43,11,9,54,Socialistisk Folkeparti
1034,importere,72,11,8,1,72,11,8,83,Socialistisk Folkeparti
1035,tredjeland,72,11,8,1,72,11,8,83,Socialistisk Folkeparti
1036,.@brittbager,17,3,2,1,17,3,2,20,Socialistisk Folkeparti
1037,Danske,201,40,41,6,34,7,7,241,Socialistisk Folkeparti
1038,Stærke,11,1,3,1,11,1,3,12,Socialistisk Folkeparti
1039,BørnenesStatsminister,20,3,13,1,20,3,13,23,Socialistisk Folkeparti
1040,udlænding,79,17,17,1,79,17,17,96,Socialistisk Folkeparti
1041,Thailand,79,17,17,1,79,17,17,96,Socialistisk Folkeparti
1042,historie,237,46,29,2,118,23,14,283,Socialistisk Folkeparti
1043,Skriv,80,12,14,1,80,12,14,92,Socialistisk Folkeparti
1044,kommentarfelt,80,12,14,1,80,12,14,92,Socialistisk Folkeparti
1045,mail,80,12,14,1,80,12,14,92,Socialistisk Folkeparti
1046,minhistorie@socialdemokratiet.dk,80,12,14,1,80,12,14,92,Socialistisk Folkeparti
1047,Velfærdssamfundet,80,12,14,1,80,12,14,92,Socialistisk Folkeparti
1048,grundlovstale,14,7,5,1,14,7,5,21,Socialistisk Folkeparti
1049,nytår,26,13,9,2,13,6,4,39,Socialistisk Folkeparti
1050,projekt,50,8,16,1,50,8,16,58,Socialistisk Folkeparti
1051,konsekvens,206,42,26,2,103,21,13,248,Socialistisk Folkeparti
1052,reform,42,8,10,1,42,8,10,50,Socialistisk Folkeparti
1053,kongres,41,10,2,1,41,10,2,51,Socialistisk Folkeparti
1054,uretfærdighed,108,28,17,1,108,28,17,136,Socialistisk Folkeparti
1055,Sandheden,65,21,9,1,65,21,9,86,Socialistisk Folkeparti
1056,hvidvasknings-skandalen,47,8,12,1,47,8,12,55,Socialistisk Folkeparti
1057,Bank,83,14,21,2,42,7,10,97,Socialistisk Folkeparti
1058,mobbe,47,8,12,1,47,8,12,55,Socialistisk Folkeparti
1059,yderlig,47,8,12,1,47,8,12,55,Socialistisk Folkeparti
1060,stramning,47,8,12,1,47,8,12,55,Socialistisk Folkeparti
1061,hvidvaskning,47,8,12,1,47,8,12,55,Socialistisk Folkeparti
1062,Bagmandspolitiet,36,6,9,1,36,6,9,42,Socialistisk Folkeparti
1063,Finanstilsynet,36,6,9,1,36,6,9,42,Socialistisk Folkeparti
1064,ressource,36,6,9,1,36,6,9,42,Socialistisk Folkeparti
1065,regnskab,36,6,9,1,36,6,9,42,Socialistisk Folkeparti
1066,Folkeskolen,179,56,36,3,60,19,12,235,Socialistisk Folkeparti
1067,teoretisk,40,17,13,1,40,17,13,57,Socialistisk Folkeparti
1068,boglig,40,17,13,1,40,17,13,57,Socialistisk Folkeparti
1069,masse,84,27,18,2,42,14,9,111,Socialistisk Folkeparti
1070,dreng,80,34,26,2,40,17,13,114,Socialistisk Folkeparti
1071,stille,40,17,13,1,40,17,13,57,Socialistisk Folkeparti
1072,mord,36,8,5,1,36,8,5,44,Socialistisk Folkeparti
1073,Olof,36,8,5,1,36,8,5,44,Socialistisk Folkeparti
1074,Palme,36,8,5,1,36,8,5,44,Socialistisk Folkeparti
1075,Wammens,36,8,5,1,36,8,5,44,Socialistisk Folkeparti
1076,engagement,36,8,5,1,36,8,5,44,Socialistisk Folkeparti
1077,Aarhus,36,8,5,1,36,8,5,44,Socialistisk Folkeparti
1078,Thulesen,10,3,1,1,10,3,1,13,Socialistisk Folkeparti
1079,Dahl,10,3,1,1,10,3,1,13,Socialistisk Folkeparti
1080,finanslov,10,3,1,1,10,3,1,13,Socialistisk Folkeparti
1081,Erhvervsskolerne,60,21,7,1,60,21,7,81,Socialistisk Folkeparti
1082,Rasmussen,74,40,11,1,74,40,11,114,Socialistisk Folkeparti
1083,sandhed,105,48,24,2,52,24,12,153,Socialistisk Folkeparti
1084,spare,74,40,11,1,74,40,11,114,Socialistisk Folkeparti
1085,talrig,46,15,1,1,46,15,1,61,Socialistisk Folkeparti
1086,modsætte,46,15,1,1,46,15,1,61,Socialistisk Folkeparti
1087,pressemøde,59,17,11,1,59,17,11,76,Socialistisk Folkeparti
1088,Skolerne,164,34,16,1,164,34,16,198,Socialistisk Folkeparti
1089,fyringsrunde,164,34,16,1,164,34,16,198,Socialistisk Folkeparti
1090,grund,302,63,55,4,76,16,14,365,Socialistisk Folkeparti
1091,arrogance,164,34,16,1,164,34,16,198,Socialistisk Folkeparti
1092,opmærksom,196,44,32,2,98,22,16,240,Socialistisk Folkeparti
1093,Lidt,54,17,22,1,54,17,22,71,Socialistisk Folkeparti
1094,fin,54,17,22,1,54,17,22,71,Socialistisk Folkeparti
1095,lak,54,17,22,1,54,17,22,71,Socialistisk Folkeparti
1096,rustbunken,54,17,22,1,54,17,22,71,Socialistisk Folkeparti
1097,valgår,54,17,22,1,54,17,22,71,Socialistisk Folkeparti
1098,Vejen,27,7,3,1,27,7,3,34,Socialistisk Folkeparti
1099,sygehus,37,10,7,2,18,5,4,47,Socialistisk Folkeparti
1100,hul,27,7,3,1,27,7,3,34,Socialistisk Folkeparti
1101,tæt,27,7,3,1,27,7,3,34,Socialistisk Folkeparti
1102,pesticid,87,55,9,1,87,55,9,142,Socialistisk Folkeparti
1103,arbejdsløs,65,15,15,2,32,8,8,80,Socialistisk Folkeparti
1104,beskæftigelsessystemet,43,10,9,1,43,10,9,53,Socialistisk Folkeparti
1105,Dear,24,6,1,1,24,6,1,30,Socialistisk Folkeparti
1106,tried,24,6,1,1,24,6,1,30,Socialistisk Folkeparti
1107,explain,24,6,1,1,24,6,1,30,Socialistisk Folkeparti
1108,difference,24,6,1,1,24,6,1,30,Socialistisk Folkeparti
1109,Thankfully,24,6,1,1,24,6,1,30,Socialistisk Folkeparti
1110,Americans,24,6,1,1,24,6,1,30,Socialistisk Folkeparti
1111,agree,24,6,1,1,24,6,1,30,Socialistisk Folkeparti
1112,Kindly,24,6,1,1,24,6,1,30,Socialistisk Folkeparti
1113,The,24,6,1,1,24,6,1,30,Socialistisk Folkeparti
1114,Danish,24,6,1,1,24,6,1,30,Socialistisk Folkeparti
1115,Social,24,6,1,1,24,6,1,30,Socialistisk Folkeparti
1116,Democratic,24,6,1,1,24,6,1,30,Socialistisk Folkeparti
1117,Party,24,6,1,1,24,6,1,30,Socialistisk Folkeparti
1118,Something,1625,548,87,1,1625,548,87,2173,Socialistisk Folkeparti
1119,rotte,1625,548,87,1,1625,548,87,2173,Socialistisk Folkeparti
1120,Michal,1,0,0,1,1,0,0,1,Socialistisk Folkeparti
1121,Rasmus,1,0,1,1,1,0,1,1,Socialistisk Folkeparti
1122,klimaområde,44,12,8,1,44,12,8,56,Socialistisk Folkeparti
1123,logo,51,17,8,3,17,6,3,68,Socialistisk Folkeparti
1124,pynt,44,12,8,1,44,12,8,56,Socialistisk Folkeparti
1125,indhold,221,64,35,4,55,16,9,285,Socialistisk Folkeparti
1126,Varmen,66,14,16,1,66,14,16,80,Socialistisk Folkeparti
1127,dukkert,66,14,16,1,66,14,16,80,Socialistisk Folkeparti
1128,massere,66,14,16,1,66,14,16,80,Socialistisk Folkeparti
1129,Kviklån,221,39,26,1,221,39,26,260,Socialistisk Folkeparti
1130,kviksand,221,39,26,1,221,39,26,260,Socialistisk Folkeparti
1131,tide,221,39,26,1,221,39,26,260,Socialistisk Folkeparti
1132,kviklånene,221,39,26,1,221,39,26,260,Socialistisk Folkeparti
1133,VM-kampene,158,44,18,1,158,44,18,202,Socialistisk Folkeparti
1134,medieforlig,158,44,18,1,158,44,18,202,Socialistisk Folkeparti
1135,VM-slutrunder,158,44,18,1,158,44,18,202,Socialistisk Folkeparti
1136,sportsbegivenhed,158,44,18,1,158,44,18,202,Socialistisk Folkeparti
1137,tv-kanal,158,44,18,1,158,44,18,202,Socialistisk Folkeparti
1138,kommerciel,158,44,18,1,158,44,18,202,Socialistisk Folkeparti
1139,Trist,158,44,18,1,158,44,18,202,Socialistisk Folkeparti
1140,modtagecenter,65,19,21,1,65,19,21,84,Socialistisk Folkeparti
1141,spontan,65,19,21,1,65,19,21,84,Socialistisk Folkeparti
1142,flygtning,183,58,59,4,46,14,15,241,Socialistisk Folkeparti
1143,migranters,65,19,21,1,65,19,21,84,Socialistisk Folkeparti
1144,farlig,65,19,21,1,65,19,21,84,Socialistisk Folkeparti
1145,rejse,65,19,21,1,65,19,21,84,Socialistisk Folkeparti
1146,Middelhavet,65,19,21,1,65,19,21,84,Socialistisk Folkeparti
1147,analyse,65,19,21,1,65,19,21,84,Socialistisk Folkeparti
1148,model,352,85,234,5,70,17,47,437,Socialistisk Folkeparti
1149,Respekten,99,22,10,1,99,22,10,121,Socialistisk Folkeparti
1150,stolthed,99,22,10,1,99,22,10,121,Socialistisk Folkeparti
1151,håndværksfag,99,22,10,1,99,22,10,121,Socialistisk Folkeparti
1152,fokusere,99,22,10,1,99,22,10,121,Socialistisk Folkeparti
1153,kvikke,99,22,10,1,99,22,10,121,Socialistisk Folkeparti
1154,hoved,99,22,10,1,99,22,10,121,Socialistisk Folkeparti
1155,håndværker,141,31,22,3,47,10,7,172,Socialistisk Folkeparti
1156,byggeplads,99,22,10,1,99,22,10,121,Socialistisk Folkeparti
1157,praktisk,99,22,10,1,99,22,10,121,Socialistisk Folkeparti
1158,fag,99,22,10,1,99,22,10,121,Socialistisk Folkeparti
1159,egn,96,38,7,2,48,19,4,134,Socialistisk Folkeparti
1160,beregning,41,14,3,1,41,14,3,55,Socialistisk Folkeparti
1161,præstationskulturen,34,11,7,1,34,11,7,45,Socialistisk Folkeparti
1162,velfærdsydelse,88,37,22,3,29,12,7,125,Socialistisk Folkeparti
1163,eksport,36,17,11,1,36,17,11,53,Socialistisk Folkeparti
1164,EU-borger,36,17,11,1,36,17,11,53,Socialistisk Folkeparti
1165,periode,36,17,11,1,36,17,11,53,Socialistisk Folkeparti
1166,polsk,24,9,14,1,24,9,14,33,Socialistisk Folkeparti
1167,jordbærplukkere,24,9,14,1,24,9,14,33,Socialistisk Folkeparti
1168,børnecheck,24,9,14,1,24,9,14,33,Socialistisk Folkeparti
1169,Polen,24,9,14,1,24,9,14,33,Socialistisk Folkeparti
1170,klokkeklar,24,9,14,1,24,9,14,33,Socialistisk Folkeparti
1171,løftebrud,24,9,14,1,24,9,14,33,Socialistisk Folkeparti
1172,samfundsmodel,33,12,22,1,33,12,22,45,Socialistisk Folkeparti
1173,Hæve,33,12,22,1,33,12,22,45,Socialistisk Folkeparti
1174,Satse,33,12,22,1,33,12,22,45,Socialistisk Folkeparti
1175,mindske,33,12,22,1,33,12,22,45,Socialistisk Folkeparti
1176,et-parti,45,21,14,1,45,21,14,66,Socialistisk Folkeparti
1177,Styrkede,31,8,13,1,31,8,13,39,Socialistisk Folkeparti
1178,Værdig,31,8,13,1,31,8,13,39,Socialistisk Folkeparti
1179,Grønt,31,8,13,1,31,8,13,39,Socialistisk Folkeparti
1180,foregangsland,31,8,13,1,31,8,13,39,Socialistisk Folkeparti
1181,skønmaleri,31,8,13,1,31,8,13,39,Socialistisk Folkeparti
1182,energiudspil,10,6,0,1,10,6,0,16,Socialistisk Folkeparti
1183,socialdemokrati,10,6,0,1,10,6,0,16,Socialistisk Folkeparti
1184,elafgiften,37,11,3,1,37,11,3,48,Socialistisk Folkeparti
1185,afslutningsdebat,10,3,0,1,10,3,0,13,Socialistisk Folkeparti
1186,plastikforurening,52,8,7,1,52,8,7,60,Socialistisk Folkeparti
1187,patient,62,11,26,2,31,6,13,73,Socialistisk Folkeparti
1188,elendig,37,11,9,1,37,11,9,48,Socialistisk Folkeparti
1189,finte,7,5,0,2,4,2,0,12,Socialistisk Folkeparti
1190,farve,14,10,0,4,4,2,0,24,Socialistisk Folkeparti
1191,overbelægning,10,3,4,1,10,3,4,13,Socialistisk Folkeparti
1192,betydning,30,5,3,1,30,5,3,35,Socialistisk Folkeparti
1193,Skats,30,5,3,1,30,5,3,35,Socialistisk Folkeparti
1194,filosofi,30,5,3,1,30,5,3,35,Socialistisk Folkeparti
1195,skattekontrol,30,5,3,1,30,5,3,35,Socialistisk Folkeparti
1196,gammeldags,30,5,3,1,30,5,3,35,Socialistisk Folkeparti
1197,dagpenge,22,5,6,1,22,5,6,27,Socialistisk Folkeparti
1198,sammentræf,22,5,6,1,22,5,6,27,Socialistisk Folkeparti
1199,Connie,79,13,7,1,79,13,7,92,Socialistisk Folkeparti
1200,Hedegaard,79,13,7,1,79,13,7,92,Socialistisk Folkeparti
1201,Klimakrisen,79,13,7,1,79,13,7,92,Socialistisk Folkeparti
1202,sjov,79,13,7,1,79,13,7,92,Socialistisk Folkeparti
1203,omfang,20,5,0,1,20,5,0,25,Socialistisk Folkeparti
1204,ghettoplanen,33,10,6,1,33,10,6,43,Socialistisk Folkeparti
1205,boligbevægelse,33,10,6,1,33,10,6,43,Socialistisk Folkeparti
1206,underskrift,33,10,6,1,33,10,6,43,Socialistisk Folkeparti
1207,sikker,91,29,31,1,91,29,31,120,Socialistisk Folkeparti
1208,Temperaturerne,30,4,4,1,30,4,4,34,Socialistisk Folkeparti
1209,voldsom,30,4,4,1,30,4,4,34,Socialistisk Folkeparti
1210,statsejet,30,4,4,1,30,4,4,34,Socialistisk Folkeparti
1211,fond,30,4,4,1,30,4,4,34,Socialistisk Folkeparti
1212,millarder,30,4,4,1,30,4,4,34,Socialistisk Folkeparti
1213,Pengene,30,4,4,1,30,4,4,34,Socialistisk Folkeparti
1214,Nationalbanken,30,4,4,1,30,4,4,34,Socialistisk Folkeparti
1215,miljøpolitik,73,14,7,1,73,14,7,87,Socialistisk Folkeparti
1216,miljøudspil,101,30,7,3,34,10,2,131,Socialistisk Folkeparti
1217,fremtidsfond,38,7,2,1,38,7,2,45,Socialistisk Folkeparti
1218,Fonden,38,7,2,1,38,7,2,45,Socialistisk Folkeparti
1219,Global,38,7,2,1,38,7,2,45,Socialistisk Folkeparti
1220,Future,38,7,2,1,38,7,2,45,Socialistisk Folkeparti
1221,Foundation,38,7,2,1,38,7,2,45,Socialistisk Folkeparti
1222,Plastikforurening,38,11,4,1,38,11,4,49,Socialistisk Folkeparti
1223,massiv,38,11,4,1,38,11,4,49,Socialistisk Folkeparti
1224,strand,38,11,4,1,38,11,4,49,Socialistisk Folkeparti
1225,Pressemøde,38,11,4,1,38,11,4,49,Socialistisk Folkeparti
1226,idé,55,13,3,1,55,13,3,68,Socialistisk Folkeparti
1227,kyst,21,5,2,1,21,5,2,26,Socialistisk Folkeparti
1228,maj,41,10,4,1,41,10,4,51,Socialistisk Folkeparti
1229,kontant,41,10,4,1,41,10,4,51,Socialistisk Folkeparti
1230,belønning,41,10,4,1,41,10,4,51,Socialistisk Folkeparti
1231,strøm,41,10,4,1,41,10,4,51,Socialistisk Folkeparti
1232,erhvervsfaglig,71,17,13,2,36,8,6,88,Socialistisk Folkeparti
1233,anerkendelse,41,10,4,1,41,10,4,51,Socialistisk Folkeparti
1234,åndsforladt,83,16,22,2,42,8,11,99,Socialistisk Folkeparti
1235,ekstraordinær,20,2,6,1,20,2,6,22,Socialistisk Folkeparti
1236,erhvervsuddannelse,32,4,9,2,16,2,4,36,Socialistisk Folkeparti
1237,Virksomhederne,12,2,3,1,12,2,3,14,Socialistisk Folkeparti
1238,ordre,12,2,3,1,12,2,3,14,Socialistisk Folkeparti
1239,vækstdræber,12,2,3,1,12,2,3,14,Socialistisk Folkeparti
1240,1maj,74,14,18,3,25,5,6,88,Socialistisk Folkeparti
1241,lønmodtager,137,29,98,2,68,14,49,166,Socialistisk Folkeparti
1242,mund,32,5,6,1,32,5,6,37,Socialistisk Folkeparti
1243,enkelt,30,7,9,1,30,7,9,37,Socialistisk Folkeparti
1244,maj-tale,22,5,4,1,22,5,4,27,Socialistisk Folkeparti
1245,dyr,71,19,12,2,36,10,6,90,Socialistisk Folkeparti
1246,Grøn,151,43,47,2,76,22,24,194,Socialistisk Folkeparti
1247,blå,128,38,22,2,64,19,11,166,Socialistisk Folkeparti
1248,afgiftslettelse,56,13,8,1,56,13,8,69,Socialistisk Folkeparti
1249,ambitionsniveau,12,6,1,1,12,6,1,18,Socialistisk Folkeparti
1250,endelig,12,6,1,1,12,6,1,18,Socialistisk Folkeparti
1251,internationale,12,6,1,1,12,6,1,18,Socialistisk Folkeparti
1252,styrkeposition,12,6,1,1,12,6,1,18,Socialistisk Folkeparti
1253,luftforurening,90,17,29,2,45,8,14,107,Socialistisk Folkeparti
1254,dieselbil,39,8,16,1,39,8,16,47,Socialistisk Folkeparti
1255,luft,39,8,16,1,39,8,16,47,Socialistisk Folkeparti
1256,overskrift,86,34,12,2,43,17,6,120,Socialistisk Folkeparti
1257,låne,48,12,10,1,48,12,10,60,Socialistisk Folkeparti
1258,fjer,48,12,10,1,48,12,10,60,Socialistisk Folkeparti
1259,førerposition,48,12,10,1,48,12,10,60,Socialistisk Folkeparti
1260,trods,48,12,10,1,48,12,10,60,Socialistisk Folkeparti
1261,floskel,32,9,7,1,32,9,7,41,Socialistisk Folkeparti
1262,udenpå,71,22,33,1,71,22,33,93,Socialistisk Folkeparti
1263,Sort,71,22,33,1,71,22,33,93,Socialistisk Folkeparti
1264,.@Jens_Joel,17,6,1,1,17,6,1,23,Socialistisk Folkeparti
1265,hensyn,34,12,2,2,17,6,1,46,Socialistisk Folkeparti
1266,ludomani,21,3,3,1,21,3,3,24,Socialistisk Folkeparti
1267,udligning,12,6,4,1,12,6,4,18,Socialistisk Folkeparti
1268,bandemedlem,15,2,4,1,15,2,4,17,Socialistisk Folkeparti
1269,skytteforening,15,2,4,1,15,2,4,17,Socialistisk Folkeparti
1270,FTF,68,5,2,1,68,5,2,73,Socialistisk Folkeparti
1271,Spillemarkedet,74,13,12,1,74,13,12,87,Socialistisk Folkeparti
1272,ugennemskuelig,74,13,12,1,74,13,12,87,Socialistisk Folkeparti
1273,bonus,74,13,12,1,74,13,12,87,Socialistisk Folkeparti
1274,aggressiv,74,13,12,1,74,13,12,87,Socialistisk Folkeparti
1275,markedsføring,74,13,12,1,74,13,12,87,Socialistisk Folkeparti
1276,ludomaner,74,13,12,1,74,13,12,87,Socialistisk Folkeparti
1277,danskproduceret,96,18,14,1,96,18,14,114,Socialistisk Folkeparti
1278,Børn,24,4,4,1,24,4,4,28,Socialistisk Folkeparti
1279,mor,24,4,4,1,24,4,4,28,Socialistisk Folkeparti
1280,sværte,24,4,4,1,24,4,4,28,Socialistisk Folkeparti
1281,skilsmisse,48,8,8,2,24,4,4,56,Socialistisk Folkeparti
1282,sagsbehandling,24,4,4,1,24,4,4,28,Socialistisk Folkeparti
1283,gigant,84,17,12,1,84,17,12,101,Socialistisk Folkeparti
1284,Apple,84,17,12,1,84,17,12,101,Socialistisk Folkeparti
1285,Google,127,29,23,2,64,14,12,156,Socialistisk Folkeparti
1286,overskud,84,17,12,1,84,17,12,101,Socialistisk Folkeparti
1287,beskatning,84,17,12,1,84,17,12,101,Socialistisk Folkeparti
1288,IT-giganter,84,17,12,1,84,17,12,101,Socialistisk Folkeparti
1289,itpol,84,17,12,1,84,17,12,101,Socialistisk Folkeparti
1290,dollar,43,12,11,1,43,12,11,55,Socialistisk Folkeparti
1291,Netflix,43,12,11,1,43,12,11,55,Socialistisk Folkeparti
1292,verdensklasse,43,12,11,1,43,12,11,55,Socialistisk Folkeparti
1293,forhandling,135,31,102,2,68,16,51,166,Socialistisk Folkeparti
1294,integration,49,17,11,2,24,8,6,66,Socialistisk Folkeparti
1295,opfattelse,157,34,15,1,157,34,15,191,Socialistisk Folkeparti
1296,pille,157,34,15,1,157,34,15,191,Socialistisk Folkeparti
1297,baggrund,157,34,15,1,157,34,15,191,Socialistisk Folkeparti
1298,trivsel@socialdemokratiet.dk,157,34,15,1,157,34,15,191,Socialistisk Folkeparti
1299,Tal,191,46,23,1,191,46,23,237,Socialistisk Folkeparti
1300,smdk,191,46,23,1,191,46,23,237,Socialistisk Folkeparti
1301,Internationale,20,4,6,1,20,4,6,24,Socialistisk Folkeparti
1302,mediegiganter,20,4,6,1,20,4,6,24,Socialistisk Folkeparti
1303,ghettoudspil,30,7,10,1,30,7,10,37,Socialistisk Folkeparti
1304,parallelsamfund,197,71,48,4,49,18,12,268,Socialistisk Folkeparti
1305,ghettogymnasier,32,10,16,1,32,10,16,42,Socialistisk Folkeparti
1306,billede,123,26,39,1,123,26,39,149,Socialistisk Folkeparti
1307,Vollsmose,123,26,39,1,123,26,39,149,Socialistisk Folkeparti
1308,integrationsprogram,123,26,39,1,123,26,39,149,Socialistisk Folkeparti
1309,ydelse,123,26,39,1,123,26,39,149,Socialistisk Folkeparti
1310,her-og-nu,18,6,3,1,18,6,3,24,Socialistisk Folkeparti
1311,udviklingsbistand,18,6,3,1,18,6,3,24,Socialistisk Folkeparti
1312,Nick,18,6,3,1,18,6,3,24,Socialistisk Folkeparti
1313,Hækkerups,18,6,3,1,18,6,3,24,Socialistisk Folkeparti
1314,opdatering,18,6,3,1,18,6,3,24,Socialistisk Folkeparti
1315,Prins,48,10,0,1,48,10,0,58,Socialistisk Folkeparti
1316,poesi,48,10,0,1,48,10,0,58,Socialistisk Folkeparti
1317,kunst,48,10,0,1,48,10,0,58,Socialistisk Folkeparti
1318,menneskealder,48,10,0,1,48,10,0,58,Socialistisk Folkeparti
1319,Svend,138,24,11,1,138,24,11,162,Socialistisk Folkeparti
1320,Auken,138,24,11,1,138,24,11,162,Socialistisk Folkeparti
1321,energiselskab,138,24,11,1,138,24,11,162,Socialistisk Folkeparti
1322,Opgaven,138,24,11,1,138,24,11,162,Socialistisk Folkeparti
1323,vedvare,138,24,11,1,138,24,11,162,Socialistisk Folkeparti
1324,sikre,138,24,11,1,138,24,11,162,Socialistisk Folkeparti
1325,klode,138,24,11,1,138,24,11,162,Socialistisk Folkeparti
1326,barnebarn,138,24,11,1,138,24,11,162,Socialistisk Folkeparti
1327,forudsætning,29,13,5,1,29,13,5,42,Socialistisk Folkeparti
1328,familiesammenføring,42,6,23,1,42,6,23,48,Socialistisk Folkeparti
1329,boligområde,106,19,40,2,53,10,20,125,Socialistisk Folkeparti
1330,umulig,51,18,5,1,51,18,5,69,Socialistisk Folkeparti
1331,fremmest,95,36,19,2,48,18,10,131,Socialistisk Folkeparti
1332,flugt,45,13,23,1,45,13,23,58,Socialistisk Folkeparti
1333,hjemmeside,30,9,1,1,30,9,1,39,Socialistisk Folkeparti
1334,udlændingeudspil,30,9,1,1,30,9,1,39,Socialistisk Folkeparti
1335,Retfærdig,30,9,1,1,30,9,1,39,Socialistisk Folkeparti
1336,optage,75,37,12,2,38,18,6,112,Socialistisk Folkeparti
1337,nuancere,38,22,2,1,38,22,2,60,Socialistisk Folkeparti
1338,svær,38,22,2,1,38,22,2,60,Socialistisk Folkeparti
1339,udlændingedebat,38,22,2,1,38,22,2,60,Socialistisk Folkeparti
1340,Situationen,62,15,6,1,62,15,6,77,Socialistisk Folkeparti
1341,Afrika,135,31,27,2,68,16,14,166,Socialistisk Folkeparti
1342,vilkår,73,16,21,1,73,16,21,89,Socialistisk Folkeparti
1343,fattig,73,16,21,1,73,16,21,89,Socialistisk Folkeparti
1344,spids,73,16,21,1,73,16,21,89,Socialistisk Folkeparti
1345,historisk,116,30,28,2,58,15,14,146,Socialistisk Folkeparti
1346,rygning,36,14,9,1,36,14,9,50,Socialistisk Folkeparti
1347,tilhænger,48,12,8,1,48,12,8,60,Socialistisk Folkeparti
1348,provins,48,12,8,1,48,12,8,60,Socialistisk Folkeparti
1349,brandærgerligt,48,12,8,1,48,12,8,60,Socialistisk Folkeparti
1350,tiltag,34,17,4,1,34,17,4,51,Socialistisk Folkeparti
1351,håndklæde,43,14,7,1,43,14,7,57,Socialistisk Folkeparti
1352,Tiden,43,14,7,1,43,14,7,57,Socialistisk Folkeparti
1353,interview,12,1,7,1,12,1,7,13,Socialistisk Folkeparti
1354,journalistik,12,1,7,1,12,1,7,13,Socialistisk Folkeparti
1355,pointe,12,1,7,1,12,1,7,13,Socialistisk Folkeparti
1356,almindelig,37,15,10,1,37,15,10,52,Socialistisk Folkeparti
1357,ting,37,15,10,1,37,15,10,52,Socialistisk Folkeparti
1358,rækkefølge,37,15,10,1,37,15,10,52,Socialistisk Folkeparti
1359,ghetto,69,34,17,1,69,34,17,103,Socialistisk Folkeparti
1360,snak,69,34,17,1,69,34,17,103,Socialistisk Folkeparti
